#pragma once

namespace core::detail {

inline constexpr int kEmbeddedIconSize = 64;

inline constexpr unsigned char kEmbeddedIconPixels[] = {
    0x1e, 0x29, 0x52, 0x00, 0x1e, 0x29, 0x52, 0x00, 0x1e, 0x29, 0x52, 0x00, 0x1e, 0x29, 0x52, 0x00, 0x1e, 0x29, 0x52, 0x00, 0x1e, 0x29, 0x52, 0x00,
    0x1e, 0x29, 0x52, 0x00, 0x1e, 0x29, 0x52, 0x00, 0x1e, 0x29, 0x52, 0x00, 0x1e, 0x29, 0x52, 0x29, 0x1e, 0x29, 0x52, 0x76, 0x1e, 0x29, 0x52, 0xb3,
    0x1e, 0x29, 0x52, 0xde, 0x1e, 0x29, 0x52, 0xf8, 0x1e, 0x29, 0x52, 0xff, 0x1e, 0x29, 0x52, 0xff, 0x1e, 0x29, 0x52, 0xff, 0x1e, 0x29, 0x52, 0xff,
    0x1e, 0x29, 0x52, 0xff, 0x1e, 0x29, 0x52, 0xff, 0x1e, 0x2a, 0x52, 0xff, 0x1e, 0x2a, 0x53, 0xff, 0x1e, 0x2a, 0x53, 0xff, 0x1e, 0x2a, 0x53, 0xff,
    0x1e, 0x2a, 0x53, 0xff, 0x1e, 0x2a, 0x53, 0xff, 0x1e, 0x2a, 0x53, 0xff, 0x1e, 0x2a, 0x53, 0xff, 0x1e, 0x2a, 0x53, 0xff, 0x1e, 0x2a, 0x53, 0xff,
    0x1e, 0x2a, 0x53, 0xff, 0x1e, 0x2a, 0x53, 0xff, 0x1e, 0x2a, 0x53, 0xff, 0x1e, 0x2a, 0x53, 0xff, 0x1e, 0x2a, 0x53, 0xff, 0x1e, 0x2a, 0x53, 0xff,
    0x1e, 0x2a, 0x53, 0xff, 0x1e, 0x2a, 0x53, 0xff, 0x1e, 0x2a, 0x53, 0xff, 0x1e, 0x2a, 0x53, 0xff, 0x1e, 0x2a, 0x53, 0xff, 0x1e, 0x2a, 0x53, 0xff,
    0x1e, 0x2a, 0x53, 0xff, 0x1e, 0x2a, 0x52, 0xff, 0x1e, 0x29, 0x52, 0xff, 0x1e, 0x29, 0x52, 0xff, 0x1e, 0x29, 0x52, 0xff, 0x1e, 0x29, 0x52, 0xff,
    0x1e, 0x29, 0x52, 0xff, 0x1e, 0x29, 0x52, 0xff, 0x1e, 0x29, 0x52, 0xf8, 0x1e, 0x29, 0x52, 0xde, 0x1e, 0x29, 0x52, 0xb3, 0x1e, 0x29, 0x52, 0x76,
    0x1e, 0x29, 0x52, 0x29, 0x1e, 0x29, 0x52, 0x00, 0x1e, 0x29, 0x52, 0x00, 0x1e, 0x29, 0x52, 0x00, 0x1e, 0x29, 0x52, 0x00, 0x1e, 0x29, 0x52, 0x00,
    0x1e, 0x29, 0x52, 0x00, 0x1e, 0x29, 0x52, 0x00, 0x1e, 0x29, 0x52, 0x00, 0x1e, 0x29, 0x52, 0x00, 0x1d, 0x28, 0x51, 0x00, 0x1d, 0x28, 0x51, 0x00,
    0x1d, 0x28, 0x51, 0x00, 0x1d, 0x28, 0x51, 0x00, 0x1d, 0x28, 0x51, 0x00, 0x1d, 0x28, 0x51, 0x00, 0x1d, 0x28, 0x51, 0x00, 0x1d, 0x28, 0x51, 0x45,
    0x1d, 0x28, 0x51, 0xb6, 0x1d, 0x28, 0x51, 0xff, 0x1e, 0x29, 0x51, 0xff, 0x1e, 0x29, 0x51, 0xff, 0x1e, 0x29, 0x51, 0xff, 0x1e, 0x29, 0x51, 0xff,
    0x1e, 0x29, 0x51, 0xff, 0x1e, 0x29, 0x51, 0xff, 0x1e, 0x29, 0x51, 0xff, 0x1e, 0x29, 0x51, 0xff, 0x1e, 0x29, 0x52, 0xff, 0x1e, 0x29, 0x52, 0xff,
    0x1e, 0x29, 0x52, 0xff, 0x1e, 0x29, 0x52, 0xff, 0x1e, 0x2a, 0x52, 0xff, 0x1e, 0x2a, 0x52, 0xff, 0x1e, 0x2a, 0x52, 0xff, 0x1e, 0x2a, 0x53, 0xff,
    0x1e, 0x2a, 0x53, 0xff, 0x1e, 0x2a, 0x53, 0xff, 0x1e, 0x2a, 0x53, 0xff, 0x1e, 0x2a, 0x53, 0xff, 0x1e, 0x2a, 0x53, 0xff, 0x1e, 0x2a, 0x53, 0xff,
    0x1e, 0x2a, 0x53, 0xff, 0x1e, 0x2a, 0x53, 0xff, 0x1e, 0x2a, 0x53, 0xff, 0x1e, 0x2a, 0x53, 0xff, 0x1e, 0x2a, 0x53, 0xff, 0x1e, 0x2a, 0x53, 0xff,
    0x1e, 0x2a, 0x53, 0xff, 0x1e, 0x2a, 0x52, 0xff, 0x1e, 0x2a, 0x52, 0xff, 0x1e, 0x2a, 0x52, 0xff, 0x1e, 0x29, 0x52, 0xff, 0x1e, 0x29, 0x52, 0xff,
    0x1e, 0x29, 0x52, 0xff, 0x1e, 0x29, 0x52, 0xff, 0x1e, 0x29, 0x51, 0xff, 0x1e, 0x29, 0x51, 0xff, 0x1e, 0x29, 0x51, 0xff, 0x1e, 0x29, 0x51, 0xff,
    0x1e, 0x29, 0x51, 0xff, 0x1e, 0x29, 0x51, 0xff, 0x1e, 0x29, 0x51, 0xff, 0x1e, 0x29, 0x51, 0xff, 0x1d, 0x28, 0x51, 0xff, 0x1d, 0x28, 0x51, 0xb6,
    0x1d, 0x28, 0x51, 0x45, 0x1d, 0x28, 0x51, 0x00, 0x1d, 0x28, 0x51, 0x00, 0x1d, 0x28, 0x51, 0x00, 0x1d, 0x28, 0x51, 0x00, 0x1d, 0x28, 0x51, 0x00,
    0x1d, 0x28, 0x51, 0x00, 0x1d, 0x28, 0x51, 0x00, 0x1d, 0x28, 0x50, 0x00, 0x1d, 0x28, 0x50, 0x00, 0x1d, 0x28, 0x50, 0x00, 0x1d, 0x28, 0x50, 0x00,
    0x1d, 0x28, 0x50, 0x00, 0x1d, 0x28, 0x50, 0x0a, 0x1d, 0x28, 0x50, 0x9d, 0x1d, 0x28, 0x50, 0xff, 0x1d, 0x28, 0x50, 0xff, 0x1d, 0x28, 0x50, 0xff,
    0x1d, 0x28, 0x50, 0xff, 0x1d, 0x28, 0x50, 0xff, 0x1d, 0x28, 0x50, 0xff, 0x1d, 0x28, 0x50, 0xff, 0x1d, 0x28, 0x50, 0xff, 0x1d, 0x29, 0x51, 0xff,
    0x1d, 0x29, 0x51, 0xff, 0x1d, 0x29, 0x51, 0xff, 0x1d, 0x29, 0x51, 0xff, 0x1d, 0x29, 0x51, 0xff, 0x1d, 0x29, 0x51, 0xff, 0x1d, 0x29, 0x52, 0xff,
    0x1d, 0x2a, 0x52, 0xff, 0x1d, 0x2a, 0x52, 0xff, 0x1e, 0x2a, 0x52, 0xff, 0x1e, 0x2a, 0x52, 0xff, 0x1e, 0x2a, 0x53, 0xff, 0x1e, 0x2a, 0x53, 0xff,
    0x1e, 0x2b, 0x53, 0xff, 0x1e, 0x2b, 0x53, 0xff, 0x1e, 0x2b, 0x53, 0xff, 0x1e, 0x2b, 0x53, 0xff, 0x1e, 0x2b, 0x53, 0xff, 0x1e, 0x2b, 0x53, 0xff,
    0x1e, 0x2b, 0x53, 0xff, 0x1e, 0x2b, 0x53, 0xff, 0x1e, 0x2a, 0x53, 0xff, 0x1e, 0x2a, 0x53, 0xff, 0x1e, 0x2a, 0x52, 0xff, 0x1e, 0x2a, 0x52, 0xff,
    0x1d, 0x2a, 0x52, 0xff, 0x1d, 0x2a, 0x52, 0xff, 0x1d, 0x29, 0x52, 0xff, 0x1d, 0x29, 0x51, 0xff, 0x1d, 0x29, 0x51, 0xff, 0x1d, 0x29, 0x51, 0xff,
    0x1d, 0x29, 0x51, 0xff, 0x1d, 0x29, 0x51, 0xff, 0x1d, 0x29, 0x51, 0xff, 0x1d, 0x28, 0x50, 0xff, 0x1d, 0x28, 0x50, 0xff, 0x1d, 0x28, 0x50, 0xff,
    0x1d, 0x28, 0x50, 0xff, 0x1d, 0x28, 0x50, 0xff, 0x1d, 0x28, 0x50, 0xff, 0x1d, 0x28, 0x50, 0xff, 0x1d, 0x28, 0x50, 0xff, 0x1d, 0x28, 0x50, 0x9d,
    0x1d, 0x28, 0x50, 0x0a, 0x1d, 0x28, 0x50, 0x00, 0x1d, 0x28, 0x50, 0x00, 0x1d, 0x28, 0x50, 0x00, 0x1d, 0x28, 0x50, 0x00, 0x1d, 0x28, 0x50, 0x00,
    0x1d, 0x27, 0x4f, 0x00, 0x1d, 0x27, 0x4f, 0x00, 0x1d, 0x27, 0x4f, 0x00, 0x1d, 0x27, 0x4f, 0x00, 0x1d, 0x27, 0x4f, 0x2d, 0x1d, 0x27, 0x4f, 0xd3,
    0x1d, 0x27, 0x4f, 0xff, 0x1d, 0x27, 0x4f, 0xff, 0x1d, 0x28, 0x4f, 0xff, 0x1d, 0x28, 0x4f, 0xff, 0x1d, 0x28, 0x4f, 0xff, 0x1d, 0x28, 0x4f, 0xff,
    0x1d, 0x28, 0x4f, 0xff, 0x1d, 0x28, 0x50, 0xff, 0x1d, 0x28, 0x50, 0xff, 0x1d, 0x28, 0x50, 0xff, 0x1d, 0x28, 0x50, 0xff, 0x1d, 0x29, 0x50, 0xff,
    0x1d, 0x29, 0x50, 0xff, 0x1d, 0x29, 0x51, 0xff, 0x1d, 0x29, 0x51, 0xff, 0x1d, 0x2a, 0x51, 0xff, 0x1d, 0x2a, 0x52, 0xff, 0x1d, 0x2a, 0x52, 0xff,
    0x1d, 0x2a, 0x52, 0xff, 0x1d, 0x2a, 0x52, 0xff, 0x1d, 0x2b, 0x53, 0xff, 0x1d, 0x2b, 0x53, 0xff, 0x1d, 0x2b, 0x53, 0xff, 0x1d, 0x2b, 0x53, 0xff,
    0x1d, 0x2b, 0x53, 0xff, 0x1d, 0x2b, 0x53, 0xff, 0x1d, 0x2b, 0x53, 0xff, 0x1d, 0x2b, 0x53, 0xff, 0x1d, 0x2b, 0x53, 0xff, 0x1d, 0x2b, 0x53, 0xff,
    0x1d, 0x2b, 0x53, 0xff, 0x1d, 0x2b, 0x53, 0xff, 0x1d, 0x2a, 0x52, 0xff, 0x1d, 0x2a, 0x52, 0xff, 0x1d, 0x2a, 0x52, 0xff, 0x1d, 0x2a, 0x52, 0xff,
    0x1d, 0x2a, 0x51, 0xff, 0x1d, 0x29, 0x51, 0xff, 0x1d, 0x29, 0x51, 0xff, 0x1d, 0x29, 0x50, 0xff, 0x1d, 0x29, 0x50, 0xff, 0x1d, 0x28, 0x50, 0xff,
    0x1d, 0x28, 0x50, 0xff, 0x1d, 0x28, 0x50, 0xff, 0x1d, 0x28, 0x50, 0xff, 0x1d, 0x28, 0x4f, 0xff, 0x1d, 0x28, 0x4f, 0xff, 0x1d, 0x28, 0x4f, 0xff,
    0x1d, 0x28, 0x4f, 0xff, 0x1d, 0x28, 0x4f, 0xff, 0x1d, 0x27, 0x4f, 0xff, 0x1d, 0x27, 0x4f, 0xff, 0x1d, 0x27, 0x4f, 0xd3, 0x1d, 0x27, 0x4f, 0x2d,
    0x1d, 0x27, 0x4f, 0x00, 0x1d, 0x27, 0x4f, 0x00, 0x1d, 0x27, 0x4f, 0x00, 0x1d, 0x27, 0x4f, 0x00, 0x1c, 0x27, 0x4e, 0x00, 0x1c, 0x27, 0x4e, 0x00,
    0x1c, 0x27, 0x4e, 0x00, 0x1c, 0x27, 0x4e, 0x2d, 0x1c, 0x27, 0x4e, 0xe5, 0x1c, 0x27, 0x4e, 0xff, 0x1c, 0x27, 0x4e, 0xff, 0x1c, 0x27, 0x4e, 0xff,
    0x1c, 0x27, 0x4e, 0xff, 0x1c, 0x27, 0x4e, 0xff, 0x1c, 0x27, 0x4e, 0xff, 0x1d, 0x27, 0x4f, 0xff, 0x1d, 0x28, 0x4f, 0xff, 0x1d, 0x28, 0x4f, 0xff,
    0x1d, 0x28, 0x4f, 0xff, 0x1d, 0x28, 0x4f, 0xff, 0x1d, 0x28, 0x50, 0xff, 0x1d, 0x29, 0x50, 0xff, 0x1d, 0x29, 0x50, 0xff, 0x1d, 0x29, 0x50, 0xff,
    0x1d, 0x29, 0x51, 0xff, 0x1d, 0x2a, 0x51, 0xff, 0x1d, 0x2a, 0x52, 0xff, 0x1d, 0x2a, 0x52, 0xff, 0x1d, 0x2b, 0x52, 0xff, 0x1d, 0x2b, 0x53, 0xff,
    0x1d, 0x2b, 0x53, 0xff, 0x1d, 0x2c, 0x53, 0xff, 0x1d, 0x2c, 0x54, 0xff, 0x1d, 0x2c, 0x54, 0xff, 0x1d, 0x2c, 0x54, 0xff, 0x1d, 0x2c, 0x54, 0xff,
    0x1d, 0x2c, 0x54, 0xff, 0x1d, 0x2c, 0x54, 0xff, 0x1d, 0x2c, 0x54, 0xff, 0x1d, 0x2c, 0x54, 0xff, 0x1d, 0x2c, 0x53, 0xff, 0x1d, 0x2b, 0x53, 0xff,
    0x1d, 0x2b, 0x53, 0xff, 0x1d, 0x2b, 0x52, 0xff, 0x1d, 0x2a, 0x52, 0xff, 0x1d, 0x2a, 0x52, 0xff, 0x1d, 0x2a, 0x51, 0xff, 0x1d, 0x29, 0x51, 0xff,
    0x1d, 0x29, 0x50, 0xff, 0x1d, 0x29, 0x50, 0xff, 0x1d, 0x29, 0x50, 0xff, 0x1d, 0x28, 0x50, 0xff, 0x1d, 0x28, 0x4f, 0xff, 0x1d, 0x28, 0x4f, 0xff,
    0x1d, 0x28, 0x4f, 0xff, 0x1d, 0x28, 0x4f, 0xff, 0x1d, 0x27, 0x4f, 0xff, 0x1c, 0x27, 0x4e, 0xff, 0x1c, 0x27, 0x4e, 0xff, 0x1c, 0x27, 0x4e, 0xff,
    0x1c, 0x27, 0x4e, 0xff, 0x1c, 0x27, 0x4e, 0xff, 0x1c, 0x27, 0x4e, 0xff, 0x1c, 0x27, 0x4e, 0xe5, 0x1c, 0x27, 0x4e, 0x2d, 0x1c, 0x27, 0x4e, 0x00,
    0x1c, 0x27, 0x4e, 0x00, 0x1c, 0x27, 0x4e, 0x00, 0x1c, 0x26, 0x4d, 0x00, 0x1c, 0x26, 0x4d, 0x00, 0x1c, 0x26, 0x4d, 0x0a, 0x1c, 0x26, 0x4d, 0xd3,
    0x1c, 0x26, 0x4d, 0xff, 0x1c, 0x26, 0x4d, 0xff, 0x1c, 0x27, 0x4d, 0xff, 0x1c, 0x27, 0x4d, 0xff, 0x1c, 0x27, 0x4d, 0xff, 0x1c, 0x27, 0x4e, 0xff,
    0x1c, 0x27, 0x4e, 0xff, 0x1c, 0x27, 0x4e, 0xff, 0x1c, 0x27, 0x4e, 0xff, 0x1c, 0x27, 0x4e, 0xff, 0x1c, 0x28, 0x4f, 0xff, 0x1c, 0x28, 0x4f, 0xff,
    0x1c, 0x28, 0x4f, 0xff, 0x1c, 0x29, 0x50, 0xff, 0x1d, 0x29, 0x50, 0xff, 0x1d, 0x29, 0x50, 0xff, 0x1d, 0x2a, 0x51, 0xff, 0x1d, 0x2a, 0x51, 0xff,
    0x1d, 0x2b, 0x52, 0xff, 0x1d, 0x2b, 0x53, 0xff, 0x1d, 0x2c, 0x53, 0xff, 0x1d, 0x2c, 0x54, 0xff, 0x1d, 0x2d, 0x54, 0xff, 0x1d, 0x2d, 0x55, 0xff,
    0x1d, 0x2d, 0x55, 0xff, 0x1d, 0x2e, 0x55, 0xff, 0x1d, 0x2e, 0x55, 0xff, 0x1d, 0x2e, 0x56, 0xff, 0x1d, 0x2e, 0x56, 0xff, 0x1d, 0x2e, 0x55, 0xff,
    0x1d, 0x2e, 0x55, 0xff, 0x1d, 0x2d, 0x55, 0xff, 0x1d, 0x2d, 0x55, 0xff, 0x1d, 0x2d, 0x54, 0xff, 0x1d, 0x2c, 0x54, 0xff, 0x1d, 0x2c, 0x53, 0xff,
    0x1d, 0x2b, 0x53, 0xff, 0x1d, 0x2b, 0x52, 0xff, 0x1d, 0x2a, 0x51, 0xff, 0x1d, 0x2a, 0x51, 0xff, 0x1d, 0x29, 0x50, 0xff, 0x1d, 0x29, 0x50, 0xff,
    0x1c, 0x29, 0x50, 0xff, 0x1c, 0x28, 0x4f, 0xff, 0x1c, 0x28, 0x4f, 0xff, 0x1c, 0x28, 0x4f, 0xff, 0x1c, 0x27, 0x4e, 0xff, 0x1c, 0x27, 0x4e, 0xff,
    0x1c, 0x27, 0x4e, 0xff, 0x1c, 0x27, 0x4e, 0xff, 0x1c, 0x27, 0x4e, 0xff, 0x1c, 0x27, 0x4d, 0xff, 0x1c, 0x27, 0x4d, 0xff, 0x1c, 0x27, 0x4d, 0xff,
    0x1c, 0x26, 0x4d, 0xff, 0x1c, 0x26, 0x4d, 0xff, 0x1c, 0x26, 0x4d, 0xd3, 0x1c, 0x26, 0x4d, 0x0a, 0x1c, 0x26, 0x4d, 0x00, 0x1c, 0x26, 0x4d, 0x00,
    0x1c, 0x26, 0x4c, 0x00, 0x1c, 0x26, 0x4c, 0x00, 0x1c, 0x26, 0x4c, 0x9d, 0x1c, 0x26, 0x4c, 0xff, 0x1c, 0x26, 0x4c, 0xff, 0x1c, 0x26, 0x4c, 0xff,
    0x1c, 0x26, 0x4c, 0xff, 0x1c, 0x26, 0x4c, 0xff, 0x1c, 0x26, 0x4d, 0xff, 0x1c, 0x26, 0x4d, 0xff, 0x1c, 0x27, 0x4d, 0xff, 0x1c, 0x27, 0x4d, 0xff,
    0x1c, 0x27, 0x4d, 0xff, 0x1c, 0x27, 0x4e, 0xff, 0x1c, 0x28, 0x4e, 0xff, 0x1c, 0x28, 0x4f, 0xff, 0x1c, 0x28, 0x4f, 0xff, 0x1c, 0x29, 0x50, 0xff,
    0x1c, 0x29, 0x50, 0xff, 0x1c, 0x2a, 0x51, 0xff, 0x1d, 0x2b, 0x51, 0xff, 0x1d, 0x2b, 0x52, 0xff, 0x1d, 0x2c, 0x53, 0xff, 0x1d, 0x2d, 0x54, 0xff,
    0x1d, 0x2d, 0x54, 0xff, 0x1d, 0x2e, 0x55, 0xff, 0x1d, 0x2e, 0x56, 0xff, 0x1d, 0x2f, 0x56, 0xff, 0x1d, 0x2f, 0x57, 0xff, 0x1e, 0x30, 0x57, 0xff,
    0x1e, 0x30, 0x58, 0xff, 0x1e, 0x30, 0x58, 0xff, 0x1e, 0x30, 0x58, 0xff, 0x1e, 0x30, 0x58, 0xff, 0x1e, 0x30, 0x57, 0xff, 0x1d, 0x2f, 0x57, 0xff,
    0x1d, 0x2f, 0x56, 0xff, 0x1d, 0x2e, 0x56, 0xff, 0x1d, 0x2e, 0x55, 0xff, 0x1d, 0x2d, 0x54, 0xff, 0x1d, 0x2d, 0x54, 0xff, 0x1d, 0x2c, 0x53, 0xff,
    0x1d, 0x2b, 0x52, 0xff, 0x1d, 0x2b, 0x51, 0xff, 0x1c, 0x2a, 0x51, 0xff, 0x1c, 0x29, 0x50, 0xff, 0x1c, 0x29, 0x50, 0xff, 0x1c, 0x28, 0x4f, 0xff,
    0x1c, 0x28, 0x4f, 0xff, 0x1c, 0x28, 0x4e, 0xff, 0x1c, 0x27, 0x4e, 0xff, 0x1c, 0x27, 0x4d, 0xff, 0x1c, 0x27, 0x4d, 0xff, 0x1c, 0x27, 0x4d, 0xff,
    0x1c, 0x26, 0x4d, 0xff, 0x1c, 0x26, 0x4d, 0xff, 0x1c, 0x26, 0x4c, 0xff, 0x1c, 0x26, 0x4c, 0xff, 0x1c, 0x26, 0x4c, 0xff, 0x1c, 0x26, 0x4c, 0xff,
    0x1c, 0x26, 0x4c, 0xff, 0x1c, 0x26, 0x4c, 0x9d, 0x1c, 0x26, 0x4c, 0x00, 0x1c, 0x26, 0x4c, 0x00, 0x1b, 0x25, 0x4b, 0x00, 0x1b, 0x25, 0x4b, 0x45,
    0x1b, 0x25, 0x4b, 0xff, 0x1b, 0x25, 0x4b, 0xff, 0x1b, 0x26, 0x4b, 0xff, 0x1b, 0x26, 0x4b, 0xff, 0x1b, 0x26, 0x4c, 0xff, 0x1b, 0x26, 0x4c, 0xff,
    0x1b, 0x26, 0x4c, 0xff, 0x1b, 0x26, 0x4c, 0xff, 0x1c, 0x26, 0x4c, 0xff, 0x1c, 0x27, 0x4d, 0xff, 0x1c, 0x27, 0x4d, 0xff, 0x1c, 0x27, 0x4d, 0xff,
    0x1c, 0x28, 0x4e, 0xff, 0x1c, 0x28, 0x4e, 0xff, 0x1c, 0x29, 0x4f, 0xff, 0x1c, 0x29, 0x50, 0xff, 0x1c, 0x2a, 0x51, 0xff, 0x1c, 0x2b, 0x51, 0xff,
    0x1d, 0x2c, 0x52, 0xff, 0x1d, 0x2d, 0x53, 0xff, 0x1d, 0x2e, 0x54, 0xff, 0x1d, 0x2e, 0x55, 0xff, 0x1d, 0x2f, 0x57, 0xff, 0x1d, 0x30, 0x58, 0xff,
    0x1e, 0x31, 0x59, 0xff, 0x1e, 0x32, 0x59, 0xff, 0x1e, 0x33, 0x5a, 0xff, 0x1e, 0x33, 0x5b, 0xff, 0x1e, 0x33, 0x5b, 0xff, 0x1e, 0x34, 0x5b, 0xff,
    0x1e, 0x34, 0x5b, 0xff, 0x1e, 0x33, 0x5b, 0xff, 0x1e, 0x33, 0x5b, 0xff, 0x1e, 0x33, 0x5a, 0xff, 0x1e, 0x32, 0x59, 0xff, 0x1e, 0x31, 0x59, 0xff,
    0x1d, 0x30, 0x58, 0xff, 0x1d, 0x2f, 0x57, 0xff, 0x1d, 0x2e, 0x55, 0xff, 0x1d, 0x2e, 0x54, 0xff, 0x1d, 0x2d, 0x53, 0xff, 0x1d, 0x2c, 0x52, 0xff,
    0x1c, 0x2b, 0x51, 0xff, 0x1c, 0x2a, 0x51, 0xff, 0x1c, 0x29, 0x50, 0xff, 0x1c, 0x29, 0x4f, 0xff, 0x1c, 0x28, 0x4e, 0xff, 0x1c, 0x28, 0x4e, 0xff,
    0x1c, 0x27, 0x4d, 0xff, 0x1c, 0x27, 0x4d, 0xff, 0x1c, 0x27, 0x4d, 0xff, 0x1c, 0x26, 0x4c, 0xff, 0x1b, 0x26, 0x4c, 0xff, 0x1b, 0x26, 0x4c, 0xff,
    0x1b, 0x26, 0x4c, 0xff, 0x1b, 0x26, 0x4c, 0xff, 0x1b, 0x26, 0x4b, 0xff, 0x1b, 0x26, 0x4b, 0xff, 0x1b, 0x25, 0x4b, 0xff, 0x1b, 0x25, 0x4b, 0xff,
    0x1b, 0x25, 0x4b, 0x45, 0x1b, 0x25, 0x4b, 0x00, 0x1b, 0x25, 0x4a, 0x00, 0x1b, 0x25, 0x4a, 0xb6, 0x1b, 0x25, 0x4a, 0xff, 0x1b, 0x25, 0x4a, 0xff,
    0x1b, 0x25, 0x4a, 0xff, 0x1b, 0x25, 0x4b, 0xff, 0x1b, 0x25, 0x4b, 0xff, 0x1b, 0x26, 0x4b, 0xff, 0x1b, 0x26, 0x4b, 0xff, 0x1b, 0x26, 0x4b, 0xff,
    0x1b, 0x26, 0x4c, 0xff, 0x1b, 0x27, 0x4c, 0xff, 0x1b, 0x27, 0x4d, 0xff, 0x1b, 0x27, 0x4d, 0xff, 0x1c, 0x28, 0x4e, 0xff, 0x1c, 0x29, 0x4e, 0xff,
    0x1c, 0x29, 0x4f, 0xff, 0x1c, 0x2a, 0x50, 0xff, 0x1c, 0x2b, 0x51, 0xff, 0x1c, 0x2c, 0x53, 0xff, 0x1d, 0x2d, 0x54, 0xff, 0x1d, 0x2f, 0x55, 0xff,
    0x1d, 0x30, 0x57, 0xff, 0x1d, 0x31, 0x58, 0xff, 0x1e, 0x32, 0x5a, 0xff, 0x1e, 0x34, 0x5b, 0xff, 0x1e, 0x35, 0x5d, 0xff, 0x1e, 0x36, 0x5e, 0xff,
    0x1e, 0x37, 0x5f, 0xff, 0x1f, 0x38, 0x60, 0xff, 0x1f, 0x38, 0x60, 0xff, 0x1f, 0x38, 0x61, 0xff, 0x1f, 0x38, 0x61, 0xff, 0x1f, 0x38, 0x60, 0xff,
    0x1f, 0x38, 0x60, 0xff, 0x1e, 0x37, 0x5f, 0xff, 0x1e, 0x36, 0x5e, 0xff, 0x1e, 0x35, 0x5d, 0xff, 0x1e, 0x34, 0x5b, 0xff, 0x1e, 0x32, 0x5a, 0xff,
    0x1d, 0x31, 0x58, 0xff, 0x1d, 0x30, 0x57, 0xff, 0x1d, 0x2f, 0x55, 0xff, 0x1d, 0x2d, 0x54, 0xff, 0x1c, 0x2c, 0x53, 0xff, 0x1c, 0x2b, 0x51, 0xff,
    0x1c, 0x2a, 0x50, 0xff, 0x1c, 0x29, 0x4f, 0xff, 0x1c, 0x29, 0x4e, 0xff, 0x1c, 0x28, 0x4e, 0xff, 0x1b, 0x27, 0x4d, 0xff, 0x1b, 0x27, 0x4d, 0xff,
    0x1b, 0x27, 0x4c, 0xff, 0x1b, 0x26, 0x4c, 0xff, 0x1b, 0x26, 0x4b, 0xff, 0x1b, 0x26, 0x4b, 0xff, 0x1b, 0x26, 0x4b, 0xff, 0x1b, 0x25, 0x4b, 0xff,
    0x1b, 0x25, 0x4b, 0xff, 0x1b, 0x25, 0x4a, 0xff, 0x1b, 0x25, 0x4a, 0xff, 0x1b, 0x25, 0x4a, 0xff, 0x1b, 0x25, 0x4a, 0xb6, 0x1b, 0x25, 0x4a, 0x00,
    0x1b, 0x24, 0x49, 0x29, 0x1b, 0x24, 0x49, 0xff, 0x1b, 0x25, 0x49, 0xff, 0x1b, 0x25, 0x4a, 0xff, 0x1b, 0x25, 0x4a, 0xff, 0x1b, 0x25, 0x4a, 0xff,
    0x1b, 0x25, 0x4a, 0xff, 0x1b, 0x25, 0x4a, 0xff, 0x1b, 0x25, 0x4a, 0xff, 0x1b, 0x26, 0x4b, 0xff, 0x1b, 0x26, 0x4b, 0xff, 0x1b, 0x27, 0x4c, 0xff,
    0x1b, 0x27, 0x4c, 0xff, 0x1b, 0x28, 0x4d, 0xff, 0x1b, 0x28, 0x4e, 0xff, 0x1c, 0x29, 0x4f, 0xff, 0x1c, 0x2a, 0x50, 0xff, 0x1c, 0x2b, 0x51, 0xff,
    0x1c, 0x2d, 0x53, 0xff, 0x1c, 0x2e, 0x54, 0xff, 0x1d, 0x30, 0x56, 0xff, 0x1d, 0x31, 0x58, 0xff, 0x1d, 0x33, 0x5a, 0xff, 0x1e, 0x35, 0x5c, 0xff,
    0x1e, 0x37, 0x5e, 0xff, 0x1e, 0x39, 0x60, 0xff, 0x1f, 0x3a, 0x62, 0xff, 0x1f, 0x3c, 0x64, 0xff, 0x1f, 0x3d, 0x66, 0xff, 0x20, 0x3e, 0x67, 0xff,
    0x20, 0x3f, 0x68, 0xff, 0x20, 0x3f, 0x68, 0xff, 0x20, 0x3f, 0x68, 0xff, 0x20, 0x3f, 0x68, 0xff, 0x20, 0x3e, 0x67, 0xff, 0x1f, 0x3d, 0x66, 0xff,
    0x1f, 0x3c, 0x64, 0xff, 0x1f, 0x3a, 0x62, 0xff, 0x1e, 0x39, 0x60, 0xff, 0x1e, 0x37, 0x5e, 0xff, 0x1e, 0x35, 0x5c, 0xff, 0x1d, 0x33, 0x5a, 0xff,
    0x1d, 0x31, 0x58, 0xff, 0x1d, 0x30, 0x56, 0xff, 0x1c, 0x2e, 0x54, 0xff, 0x1c, 0x2d, 0x53, 0xff, 0x1c, 0x2b, 0x51, 0xff, 0x1c, 0x2a, 0x50, 0xff,
    0x1c, 0x29, 0x4f, 0xff, 0x1b, 0x28, 0x4e, 0xff, 0x1b, 0x28, 0x4d, 0xff, 0x1b, 0x27, 0x4c, 0xff, 0x1b, 0x27, 0x4c, 0xff, 0x1b, 0x26, 0x4b, 0xff,
    0x1b, 0x26, 0x4b, 0xff, 0x1b, 0x25, 0x4a, 0xff, 0x1b, 0x25, 0x4a, 0xff, 0x1b, 0x25, 0x4a, 0xff, 0x1b, 0x25, 0x4a, 0xff, 0x1b, 0x25, 0x4a, 0xff,
    0x1b, 0x25, 0x4a, 0xff, 0x1b, 0x25, 0x49, 0xff, 0x1b, 0x24, 0x49, 0xff, 0x1b, 0x24, 0x49, 0x29, 0x1a, 0x24, 0x48, 0x76, 0x1a, 0x24, 0x48, 0xff,
    0x1a, 0x24, 0x49, 0xff, 0x1a, 0x24, 0x49, 0xff, 0x1a, 0x24, 0x49, 0xff, 0x1a, 0x24, 0x49, 0xff, 0x1a, 0x25, 0x49, 0xff, 0x1a, 0x25, 0x49, 0xff,
    0x1b, 0x25, 0x4a, 0xff, 0x1b, 0x26, 0x4a, 0xff, 0x1b, 0x26, 0x4b, 0xff, 0x1b, 0x27, 0x4b, 0xff, 0x1b, 0x27, 0x4c, 0xff, 0x1b, 0x28, 0x4d, 0xff,
    0x1b, 0x29, 0x4e, 0xff, 0x1b, 0x2a, 0x50, 0xff, 0x1c, 0x2c, 0x51, 0xff, 0x1c, 0x2d, 0x53, 0xff, 0x1c, 0x2f, 0x55, 0xff, 0x1d, 0x31, 0x57, 0xff,
    0x1d, 0x33, 0x59, 0xff, 0x1e, 0x35, 0x5c, 0xff, 0x1e, 0x38, 0x5f, 0xff, 0x1f, 0x3a, 0x62, 0xff, 0x1f, 0x3d, 0x65, 0xff, 0x20, 0x3f, 0x68, 0xff,
    0x20, 0x42, 0x6a, 0xff, 0x20, 0x44, 0x6d, 0xff, 0x21, 0x46, 0x6f, 0xff, 0x21, 0x47, 0x71, 0xff, 0x21, 0x48, 0x72, 0xff, 0x21, 0x49, 0x73, 0xff,
    0x21, 0x49, 0x73, 0xff, 0x21, 0x48, 0x72, 0xff, 0x21, 0x47, 0x71, 0xff, 0x21, 0x46, 0x6f, 0xff, 0x20, 0x44, 0x6d, 0xff, 0x20, 0x42, 0x6a, 0xff,
    0x20, 0x3f, 0x68, 0xff, 0x1f, 0x3d, 0x65, 0xff, 0x1f, 0x3a, 0x62, 0xff, 0x1e, 0x38, 0x5f, 0xff, 0x1e, 0x35, 0x5c, 0xff, 0x1d, 0x33, 0x59, 0xff,
    0x1d, 0x31, 0x57, 0xff, 0x1c, 0x2f, 0x55, 0xff, 0x1c, 0x2d, 0x53, 0xff, 0x1c, 0x2c, 0x51, 0xff, 0x1b, 0x2a, 0x50, 0xff, 0x1b, 0x29, 0x4e, 0xff,
    0x1b, 0x28, 0x4d, 0xff, 0x1b, 0x27, 0x4c, 0xff, 0x1b, 0x27, 0x4b, 0xff, 0x1b, 0x26, 0x4b, 0xff, 0x1b, 0x26, 0x4a, 0xff, 0x1b, 0x25, 0x4a, 0xff,
    0x1a, 0x25, 0x49, 0xff, 0x1a, 0x25, 0x49, 0xff, 0x1a, 0x24, 0x49, 0xff, 0x1a, 0x24, 0x49, 0xff, 0x1a, 0x24, 0x49, 0xff, 0x1a, 0x24, 0x49, 0xff,
    0x1a, 0x24, 0x48, 0xff, 0x1a, 0x24, 0x48, 0x76, 0x1a, 0x23, 0x47, 0xb3, 0x1a, 0x24, 0x48, 0xff, 0x1a, 0x24, 0x48, 0xff, 0x1a, 0x24, 0x48, 0xff,
    0x1a, 0x24, 0x48, 0xff, 0x1a, 0x24, 0x48, 0xff, 0x1a, 0x24, 0x49, 0xff, 0x1a, 0x25, 0x49, 0xff, 0x1a, 0x25, 0x49, 0xff, 0x1a, 0x26, 0x4a, 0xff,
    0x1a, 0x26, 0x4b, 0xff, 0x1b, 0x27, 0x4b, 0xff, 0x1b, 0x28, 0x4c, 0xff, 0x1b, 0x29, 0x4e, 0xff, 0x1b, 0x2a, 0x4f, 0xff, 0x1b, 0x2c, 0x51, 0xff,
    0x1c, 0x2d, 0x53, 0xff, 0x1c, 0x2f, 0x55, 0xff, 0x1d, 0x32, 0x58, 0xff, 0x1d, 0x34, 0x5b, 0xff, 0x1e, 0x37, 0x5e, 0xff, 0x1e, 0x3a, 0x62, 0xff,
    0x1f, 0x3e, 0x66, 0xff, 0x20, 0x41, 0x6a, 0xff, 0x20, 0x45, 0x6e, 0xff, 0x21, 0x48, 0x72, 0xff, 0x22, 0x4c, 0x76, 0xff, 0x22, 0x4f, 0x79, 0xff,
    0x23, 0x54, 0x7f, 0xff, 0x27, 0x65, 0x93, 0xff, 0x29, 0x71, 0xa0, 0xff, 0x2a, 0x76, 0xa7, 0xff, 0x2a, 0x76, 0xa7, 0xff, 0x29, 0x71, 0xa0, 0xff,
    0x27, 0x65, 0x93, 0xff, 0x23, 0x54, 0x7f, 0xff, 0x22, 0x4f, 0x79, 0xff, 0x22, 0x4c, 0x76, 0xff, 0x21, 0x48, 0x72, 0xff, 0x20, 0x45, 0x6e, 0xff,
    0x20, 0x41, 0x6a, 0xff, 0x1f, 0x3e, 0x66, 0xff, 0x1e, 0x3a, 0x62, 0xff, 0x1e, 0x37, 0x5e, 0xff, 0x1d, 0x34, 0x5b, 0xff, 0x1d, 0x32, 0x58, 0xff,
    0x1c, 0x2f, 0x55, 0xff, 0x1c, 0x2d, 0x53, 0xff, 0x1b, 0x2c, 0x51, 0xff, 0x1b, 0x2a, 0x4f, 0xff, 0x1b, 0x29, 0x4e, 0xff, 0x1b, 0x28, 0x4c, 0xff,
    0x1b, 0x27, 0x4b, 0xff, 0x1a, 0x26, 0x4b, 0xff, 0x1a, 0x26, 0x4a, 0xff, 0x1a, 0x25, 0x49, 0xff, 0x1a, 0x25, 0x49, 0xff, 0x1a, 0x24, 0x49, 0xff,
    0x1a, 0x24, 0x48, 0xff, 0x1a, 0x24, 0x48, 0xff, 0x1a, 0x24, 0x48, 0xff, 0x1a, 0x24, 0x48, 0xff, 0x1a, 0x24, 0x48, 0xff, 0x1a, 0x23, 0x47, 0xb3,
    0x1a, 0x23, 0x47, 0xde, 0x1a, 0x23, 0x47, 0xff, 0x1a, 0x23, 0x47, 0xff, 0x1a, 0x23, 0x47, 0xff, 0x1a, 0x24, 0x47, 0xff, 0x1a, 0x24, 0x48, 0xff,
    0x1a, 0x24, 0x48, 0xff, 0x1a, 0x24, 0x48, 0xff, 0x1a, 0x25, 0x49, 0xff, 0x1a, 0x26, 0x4a, 0xff, 0x1a, 0x26, 0x4a, 0xff, 0x1a, 0x27, 0x4b, 0xff,
    0x1b, 0x28, 0x4d, 0xff, 0x1b, 0x2a, 0x4e, 0xff, 0x1b, 0x2b, 0x50, 0xff, 0x1c, 0x2d, 0x52, 0xff, 0x1c, 0x30, 0x55, 0xff, 0x1d, 0x32, 0x58, 0xff,
    0x1d, 0x35, 0x5c, 0xff, 0x1e, 0x39, 0x60, 0xff, 0x1f, 0x3d, 0x64, 0xff, 0x20, 0x41, 0x69, 0xff, 0x20, 0x46, 0x6f, 0xff, 0x21, 0x4b, 0x74, 0xff,
    0x22, 0x50, 0x7a, 0xff, 0x29, 0x71, 0xa0, 0xff, 0x2f, 0x91, 0xc5, 0xff, 0x34, 0xaa, 0xe2, 0xff, 0x38, 0xbd, 0xf8, 0xff, 0x38, 0xbd, 0xf8, 0xff,
    0x38, 0xbd, 0xf8, 0xff, 0x38, 0xbd, 0xf8, 0xff, 0x38, 0xbd, 0xf8, 0xff, 0x38, 0xbd, 0xf8, 0xff, 0x38, 0xbd, 0xf8, 0xff, 0x38, 0xbd, 0xf8, 0xff,
    0x34, 0xaa, 0xe2, 0xff, 0x2f, 0x91, 0xc5, 0xff, 0x29, 0x71, 0xa0, 0xff, 0x22, 0x50, 0x7a, 0xff, 0x21, 0x4b, 0x74, 0xff, 0x20, 0x46, 0x6f, 0xff,
    0x20, 0x41, 0x69, 0xff, 0x1f, 0x3d, 0x64, 0xff, 0x1e, 0x39, 0x60, 0xff, 0x1d, 0x35, 0x5c, 0xff, 0x1d, 0x32, 0x58, 0xff, 0x1c, 0x30, 0x55, 0xff,
    0x1c, 0x2d, 0x52, 0xff, 0x1b, 0x2b, 0x50, 0xff, 0x1b, 0x2a, 0x4e, 0xff, 0x1b, 0x28, 0x4d, 0xff, 0x1a, 0x27, 0x4b, 0xff, 0x1a, 0x26, 0x4a, 0xff,
    0x1a, 0x26, 0x4a, 0xff, 0x1a, 0x25, 0x49, 0xff, 0x1a, 0x24, 0x48, 0xff, 0x1a, 0x24, 0x48, 0xff, 0x1a, 0x24, 0x48, 0xff, 0x1a, 0x24, 0x47, 0xff,
    0x1a, 0x23, 0x47, 0xff, 0x1a, 0x23, 0x47, 0xff, 0x1a, 0x23, 0x47, 0xff, 0x1a, 0x23, 0x47, 0xde, 0x19, 0x23, 0x46, 0xf8, 0x19, 0x23, 0x46, 0xff,
    0x19, 0x23, 0x46, 0xff, 0x19, 0x23, 0x46, 0xff, 0x19, 0x23, 0x46, 0xff, 0x19, 0x24, 0x47, 0xff, 0x19, 0x24, 0x47, 0xff, 0x1a, 0x24, 0x48, 0xff,
    0x1a, 0x25, 0x48, 0xff, 0x1a, 0x26, 0x49, 0xff, 0x1a, 0x27, 0x4a, 0xff, 0x1a, 0x28, 0x4c, 0xff, 0x1b, 0x29, 0x4d, 0xff, 0x1b, 0x2b, 0x4f, 0xff,
    0x1b, 0x2d, 0x52, 0xff, 0x1c, 0x30, 0x55, 0xff, 0x1c, 0x33, 0x58, 0xff, 0x1d, 0x36, 0x5c, 0xff, 0x1e, 0x3a, 0x61, 0xff, 0x1f, 0x3f, 0x67, 0xff,
    0x20, 0x45, 0x6d, 0xff, 0x21, 0x4a, 0x74, 0xff, 0x23, 0x53, 0x7e, 0xff, 0x2d, 0x86, 0xb9, 0xff, 0x35, 0xaf, 0xe7, 0xff, 0x38, 0xbd, 0xf8, 0xff,
    0x38, 0xbd, 0xf8, 0xff, 0x38, 0xbd, 0xf8, 0xff, 0x38, 0xbd, 0xf8, 0xff, 0x38, 0xbd, 0xf8, 0xff, 0x38, 0xbd, 0xf8, 0xff, 0x38, 0xbd, 0xf8, 0xff,
    0x38, 0xbd, 0xf8, 0xff, 0x38, 0xbd, 0xf8, 0xff, 0x38, 0xbd, 0xf8, 0xff, 0x38, 0xbd, 0xf8, 0xff, 0x38, 0xbd, 0xf8, 0xff, 0x38, 0xbd, 0xf8, 0xff,
    0x38, 0xbd, 0xf8, 0xff, 0x35, 0xaf, 0xe7, 0xff, 0x2d, 0x86, 0xb9, 0xff, 0x23, 0x53, 0x7e, 0xff, 0x21, 0x4a, 0x74, 0xff, 0x20, 0x45, 0x6d, 0xff,
    0x1f, 0x3f, 0x67, 0xff, 0x1e, 0x3a, 0x61, 0xff, 0x1d, 0x36, 0x5c, 0xff, 0x1c, 0x33, 0x58, 0xff, 0x1c, 0x30, 0x55, 0xff, 0x1b, 0x2d, 0x52, 0xff,
    0x1b, 0x2b, 0x4f, 0xff, 0x1b, 0x29, 0x4d, 0xff, 0x1a, 0x28, 0x4c, 0xff, 0x1a, 0x27, 0x4a, 0xff, 0x1a, 0x26, 0x49, 0xff, 0x1a, 0x25, 0x48, 0xff,
    0x1a, 0x24, 0x48, 0xff, 0x19, 0x24, 0x47, 0xff, 0x19, 0x24, 0x47, 0xff, 0x19, 0x23, 0x46, 0xff, 0x19, 0x23, 0x46, 0xff, 0x19, 0x23, 0x46, 0xff,
    0x19, 0x23, 0x46, 0xff, 0x19, 0x23, 0x46, 0xf8, 0x19, 0x22, 0x45, 0xff, 0x19, 0x22, 0x45, 0xff, 0x19, 0x22, 0x45, 0xff, 0x19, 0x23, 0x45, 0xff,
    0x19, 0x23, 0x46, 0xff, 0x19, 0x23, 0x46, 0xff, 0x19, 0x24, 0x47, 0xff, 0x19, 0x24, 0x47, 0xff, 0x19, 0x25, 0x48, 0xff, 0x1a, 0x26, 0x49, 0xff,
    0x1a, 0x27, 0x4b, 0xff, 0x1a, 0x29, 0x4c, 0xff, 0x1b, 0x2a, 0x4e, 0xff, 0x1b, 0x2d, 0x51, 0xff, 0x1c, 0x2f, 0x54, 0xff, 0x1c, 0x33, 0x58, 0xff,
    0x1d, 0x37, 0x5d, 0xff, 0x1e, 0x3b, 0x62, 0xff, 0x1f, 0x41, 0x68, 0xff, 0x20, 0x47, 0x70, 0xff, 0x22, 0x4f, 0x78, 0xff, 0x2c, 0x81, 0xb2, 0xff,
    0x36, 0xb4, 0xed, 0xff, 0x38, 0xbd, 0xf8, 0xff, 0x38, 0xbd, 0xf8, 0xff, 0x38, 0xbd, 0xf8, 0xff, 0x38, 0xbd, 0xf8, 0xff, 0x38, 0xbd, 0xf8, 0xff,
    0x38, 0xbd, 0xf8, 0xff, 0x38, 0xbd, 0xf8, 0xff, 0x38, 0xbd, 0xf8, 0xff, 0x38, 0xbd, 0xf8, 0xff, 0x38, 0xbd, 0xf8, 0xff, 0x38, 0xbd, 0xf8, 0xff,
    0x38, 0xbd, 0xf8, 0xff, 0x38, 0xbd, 0xf8, 0xff, 0x38, 0xbd, 0xf8, 0xff, 0x38, 0xbd, 0xf8, 0xff, 0x38, 0xbd, 0xf8, 0xff, 0x38, 0xbd, 0xf8, 0xff,
    0x38, 0xbd, 0xf8, 0xff, 0x36, 0xb4, 0xed, 0xff, 0x2c, 0x81, 0xb2, 0xff, 0x22, 0x4f, 0x78, 0xff, 0x20, 0x47, 0x70, 0xff, 0x1f, 0x41, 0x68, 0xff,
    0x1e, 0x3b, 0x62, 0xff, 0x1d, 0x37, 0x5d, 0xff, 0x1c, 0x33, 0x58, 0xff, 0x1c, 0x2f, 0x54, 0xff, 0x1b, 0x2d, 0x51, 0xff, 0x1b, 0x2a, 0x4e, 0xff,
    0x1a, 0x29, 0x4c, 0xff, 0x1a, 0x27, 0x4b, 0xff, 0x1a, 0x26, 0x49, 0xff, 0x19, 0x25, 0x48, 0xff, 0x19, 0x24, 0x47, 0xff, 0x19, 0x24, 0x47, 0xff,
    0x19, 0x23, 0x46, 0xff, 0x19, 0x23, 0x46, 0xff, 0x19, 0x23, 0x45, 0xff, 0x19, 0x22, 0x45, 0xff, 0x19, 0x22, 0x45, 0xff, 0x19, 0x22, 0x45, 0xff,
    0x19, 0x22, 0x44, 0xff, 0x19, 0x22, 0x44, 0xff, 0x19, 0x22, 0x44, 0xff, 0x19, 0x22, 0x45, 0xff, 0x19, 0x23, 0x45, 0xff, 0x19, 0x23, 0x46, 0xff,
    0x19, 0x24, 0x46, 0xff, 0x19, 0x24, 0x47, 0xff, 0x19, 0x25, 0x48, 0xff, 0x19, 0x26, 0x49, 0xff, 0x1a, 0x28, 0x4b, 0xff, 0x1a, 0x2a, 0x4d, 0xff,
    0x1b, 0x2c, 0x50, 0xff, 0x1b, 0x2f, 0x53, 0xff, 0x1c, 0x32, 0x57, 0xff, 0x1d, 0x37, 0x5c, 0xff, 0x1e, 0x3c, 0x62, 0xff, 0x1f, 0x42, 0x69, 0xff,
    0x21, 0x49, 0x72, 0xff, 0x25, 0x5f, 0x8a, 0xff, 0x32, 0x9f, 0xd6, 0xff, 0x38, 0xbd, 0xf8, 0xff, 0x38, 0xbd, 0xf8, 0xff, 0x38, 0xbd, 0xf8, 0xff,
    0x38, 0xbd, 0xf8, 0xff, 0x38, 0xbd, 0xf8, 0xff, 0x38, 0xbd, 0xf8, 0xff, 0x34, 0xa9, 0xe1, 0xff, 0x2f, 0x91, 0xc5, 0xff, 0x2b, 0x7e, 0xaf, 0xff,
    0x28, 0x70, 0x9f, 0xff, 0x27, 0x69, 0x97, 0xff, 0x27, 0x69, 0x97, 0xff, 0x28, 0x70, 0x9f, 0xff, 0x2b, 0x7e, 0xaf, 0xff, 0x2f, 0x91, 0xc5, 0xff,
    0x34, 0xa9, 0xe1, 0xff, 0x38, 0xbd, 0xf8, 0xff, 0x38, 0xbd, 0xf8, 0xff, 0x38, 0xbd, 0xf8, 0xff, 0x38, 0xbd, 0xf8, 0xff, 0x38, 0xbd, 0xf8, 0xff,
    0x38, 0xbd, 0xf8, 0xff, 0x32, 0x9f, 0xd6, 0xff, 0x40, 0x74, 0x9b, 0xff, 0x44, 0x68, 0x8a, 0xff, 0x1f, 0x42, 0x69, 0xff, 0x1e, 0x3c, 0x62, 0xff,
    0x1d, 0x37, 0x5c, 0xff, 0x1c, 0x32, 0x57, 0xff, 0x1b, 0x2f, 0x53, 0xff, 0x1b, 0x2c, 0x50, 0xff, 0x1a, 0x2a, 0x4d, 0xff, 0x1a, 0x28, 0x4b, 0xff,
    0x19, 0x26, 0x49, 0xff, 0x19, 0x25, 0x48, 0xff, 0x19, 0x24, 0x47, 0xff, 0x19, 0x24, 0x46, 0xff, 0x19, 0x23, 0x46, 0xff, 0x19, 0x23, 0x45, 0xff,
    0x19, 0x22, 0x45, 0xff, 0x19, 0x22, 0x44, 0xff, 0x19, 0x22, 0x44, 0xff, 0x19, 0x22, 0x44, 0xff, 0x18, 0x21, 0x43, 0xff, 0x18, 0x21, 0x43, 0xff,
    0x18, 0x22, 0x44, 0xff, 0x18, 0x22, 0x44, 0xff, 0x18, 0x22, 0x44, 0xff, 0x19, 0x23, 0x45, 0xff, 0x19, 0x24, 0x46, 0xff, 0x19, 0x24, 0x47, 0xff,
    0x19, 0x25, 0x48, 0xff, 0x19, 0x27, 0x4a, 0xff, 0x1a, 0x29, 0x4c, 0xff, 0x1a, 0x2b, 0x4e, 0xff, 0x1b, 0x2e, 0x52, 0xff, 0x1b, 0x31, 0x56, 0xff,
    0x1c, 0x36, 0x5b, 0xff, 0x1d, 0x3b, 0x61, 0xff, 0x1f, 0x42, 0x69, 0xff, 0x20, 0x4a, 0x72, 0xff, 0x28, 0x70, 0x9e, 0xff, 0x36, 0xb4, 0xed, 0xff,
    0x38, 0xbd, 0xf8, 0xff, 0x38, 0xbd, 0xf8, 0xff, 0x38, 0xbd, 0xf8, 0xff, 0x38, 0xbd, 0xf8, 0xff, 0x36, 0xb5, 0xee, 0xff, 0x2e, 0x8b, 0xbe, 0xff,
    0x25, 0x61, 0x8e, 0xff, 0x21, 0x4d, 0x76, 0xff, 0x20, 0x4a, 0x72, 0xff, 0x20, 0x48, 0x70, 0xff, 0x20, 0x46, 0x6e, 0xff, 0x20, 0x45, 0x6d, 0xff,
    0x20, 0x45, 0x6d, 0xff, 0x20, 0x46, 0x6e, 0xff, 0x20, 0x48, 0x70, 0xff, 0x20, 0x4a, 0x72, 0xff, 0x21, 0x4d, 0x76, 0xff, 0x25, 0x61, 0x8e, 0xff,
    0x2e, 0x8b, 0xbe, 0xff, 0x36, 0xb5, 0xee, 0xff, 0x38, 0xbd, 0xf8, 0xff, 0x38, 0xbd, 0xf8, 0xff, 0x3e, 0xbf, 0xf8, 0xff, 0xb5, 0xe7, 0xfd, 0xff,
    0xec, 0xfa, 0xff, 0xff, 0xec, 0xfa, 0xff, 0xff, 0xc9, 0xdb, 0xe7, 0xff, 0x4a, 0x69, 0x89, 0xff, 0x1d, 0x3b, 0x61, 0xff, 0x1c, 0x36, 0x5b, 0xff,
    0x1b, 0x31, 0x56, 0xff, 0x1b, 0x2e, 0x52, 0xff, 0x1a, 0x2b, 0x4e, 0xff, 0x1a, 0x29, 0x4c, 0xff, 0x19, 0x27, 0x4a, 0xff, 0x19, 0x25, 0x48, 0xff,
    0x19, 0x24, 0x47, 0xff, 0x19, 0x24, 0x46, 0xff, 0x19, 0x23, 0x45, 0xff, 0x18, 0x22, 0x44, 0xff, 0x18, 0x22, 0x44, 0xff, 0x18, 0x22, 0x44, 0xff,
    0x18, 0x21, 0x43, 0xff, 0x18, 0x21, 0x43, 0xff, 0x18, 0x21, 0x42, 0xff, 0x18, 0x21, 0x43, 0xff, 0x18, 0x21, 0x43, 0xff, 0x18, 0x22, 0x43, 0xff,
    0x18, 0x22, 0x44, 0xff, 0x18, 0x23, 0x44, 0xff, 0x18, 0x24, 0x45, 0xff, 0x19, 0x25, 0x47, 0xff, 0x19, 0x26, 0x48, 0xff, 0x19, 0x28, 0x4a, 0xff,
    0x1a, 0x2a, 0x4d, 0xff, 0x1a, 0x2d, 0x50, 0xff, 0x1b, 0x30, 0x54, 0xff, 0x1c, 0x35, 0x59, 0xff, 0x1d, 0x3a, 0x60, 0xff, 0x1e, 0x41, 0x68, 0xff,
    0x20, 0x4a, 0x72, 0xff, 0x29, 0x75, 0xa4, 0xff, 0x38, 0xbd, 0xf8, 0xff, 0x38, 0xbd, 0xf8, 0xff, 0x38, 0xbd, 0xf8, 0xff, 0x38, 0xbd, 0xf8, 0xff,
    0x38, 0xbd, 0xf8, 0xff, 0x2e, 0x8b, 0xbe, 0xff, 0x22, 0x52, 0x7c, 0xff, 0x20, 0x4a, 0x72, 0xff, 0x1f, 0x45, 0x6c, 0xff, 0x1f, 0x41, 0x68, 0xff,
    0x1e, 0x3f, 0x65, 0xff, 0x1e, 0x3d, 0x63, 0xff, 0x1d, 0x3c, 0x61, 0xff, 0x1d, 0x3b, 0x61, 0xff, 0x1d, 0x3b, 0x61, 0xff, 0x1d, 0x3c, 0x61, 0xff,
    0x1e, 0x3d, 0x63, 0xff, 0x1e, 0x3f, 0x65, 0xff, 0x1f, 0x41, 0x68, 0xff, 0x1f, 0x45, 0x6c, 0xff, 0x20, 0x4a, 0x72, 0xff, 0x22, 0x52, 0x7c, 0xff,
    0x2e, 0x8b, 0xbe, 0xff, 0x38, 0xbd, 0xf8, 0xff, 0xa6, 0xe2, 0xfc, 0xff, 0xec, 0xfa, 0xff, 0xff, 0xec, 0xfa, 0xff, 0xff, 0xec, 0xfa, 0xff, 0xff,
    0xec, 0xfa, 0xff, 0xff, 0xc9, 0xdb, 0xe6, 0xff, 0x1e, 0x41, 0x68, 0xff, 0x1d, 0x3a, 0x60, 0xff, 0x1c, 0x35, 0x59, 0xff, 0x1b, 0x30, 0x54, 0xff,
    0x1a, 0x2d, 0x50, 0xff, 0x1a, 0x2a, 0x4d, 0xff, 0x19, 0x28, 0x4a, 0xff, 0x19, 0x26, 0x48, 0xff, 0x19, 0x25, 0x47, 0xff, 0x18, 0x24, 0x45, 0xff,
    0x18, 0x23, 0x44, 0xff, 0x18, 0x22, 0x44, 0xff, 0x18, 0x22, 0x43, 0xff, 0x18, 0x21, 0x43, 0xff, 0x18, 0x21, 0x43, 0xff, 0x18, 0x21, 0x42, 0xff,
    0x17, 0x20, 0x41, 0xff, 0x18, 0x21, 0x42, 0xff, 0x18, 0x21, 0x42, 0xff, 0x18, 0x21, 0x43, 0xff, 0x18, 0x22, 0x43, 0xff, 0x18, 0x23, 0x44, 0xff,
    0x18, 0x24, 0x45, 0xff, 0x18, 0x25, 0x47, 0xff, 0x19, 0x26, 0x48, 0xff, 0x19, 0x28, 0x4b, 0xff, 0x1a, 0x2b, 0x4e, 0xff, 0x1a, 0x2e, 0x52, 0xff,
    0x1b, 0x33, 0x57, 0xff, 0x1c, 0x38, 0x5d, 0xff, 0x1e, 0x3f, 0x65, 0xff, 0x20, 0x48, 0x70, 0xff, 0x28, 0x6f, 0x9d, 0xff, 0x38, 0xbd, 0xf8, 0xff,
    0x38, 0xbd, 0xf8, 0xff, 0x38, 0xbd, 0xf8, 0xff, 0x38, 0xbd, 0xf8, 0xff, 0x34, 0xa9, 0xe0, 0xff, 0x26, 0x68, 0x95, 0xff, 0x20, 0x4a, 0x72, 0xff,
    0x1f, 0x44, 0x6b, 0xff, 0x1e, 0x3f, 0x65, 0xff, 0x1d, 0x3b, 0x61, 0xff, 0x1c, 0x38, 0x5d, 0xff, 0x1c, 0x36, 0x5b, 0xff, 0x1c, 0x35, 0x59, 0xff,
    0x1c, 0x34, 0x58, 0xff, 0x1b, 0x33, 0x58, 0xff, 0x1b, 0x33, 0x58, 0xff, 0x1c, 0x34, 0x58, 0xff, 0x1c, 0x35, 0x59, 0xff, 0x1c, 0x36, 0x5b, 0xff,
    0x1c, 0x38, 0x5d, 0xff, 0x1d, 0x3b, 0x61, 0xff, 0x1e, 0x3f, 0x65, 0xff, 0x1f, 0x44, 0x6b, 0xff, 0x20, 0x4a, 0x72, 0xff, 0x26, 0x68, 0x95, 0xff,
    0xde, 0xf4, 0xfd, 0xff, 0xec, 0xfa, 0xff, 0xff, 0xec, 0xfa, 0xff, 0xff, 0xec, 0xfa, 0xff, 0xff, 0xec, 0xfa, 0xff, 0xff, 0xec, 0xfa, 0xff, 0xff,
    0x43, 0x67, 0x89, 0xff, 0x1e, 0x3f, 0x65, 0xff, 0x1c, 0x38, 0x5d, 0xff, 0x1b, 0x33, 0x57, 0xff, 0x1a, 0x2e, 0x52, 0xff, 0x1a, 0x2b, 0x4e, 0xff,
    0x19, 0x28, 0x4b, 0xff, 0x19, 0x26, 0x48, 0xff, 0x18, 0x25, 0x47, 0xff, 0x18, 0x24, 0x45, 0xff, 0x18, 0x23, 0x44, 0xff, 0x18, 0x22, 0x43, 0xff,
    0x18, 0x21, 0x43, 0xff, 0x18, 0x21, 0x42, 0xff, 0x18, 0x21, 0x42, 0xff, 0x17, 0x20, 0x41, 0xff, 0x17, 0x20, 0x41, 0xff, 0x17, 0x20, 0x41, 0xff,
    0x17, 0x21, 0x41, 0xff, 0x17, 0x21, 0x42, 0xff, 0x18, 0x22, 0x43, 0xff, 0x18, 0x23, 0x44, 0xff, 0x18, 0x24, 0x45, 0xff, 0x18, 0x25, 0x47, 0xff,
    0x19, 0x27, 0x49, 0xff, 0x19, 0x29, 0x4c, 0xff, 0x1a, 0x2d, 0x4f, 0xff, 0x1b, 0x31, 0x54, 0xff, 0x1c, 0x36, 0x5a, 0xff, 0x1d, 0x3d, 0x62, 0xff,
    0x1f, 0x45, 0x6c, 0xff, 0x24, 0x5d, 0x88, 0xff, 0x36, 0xb4, 0xed, 0xff, 0x38, 0xbd, 0xf8, 0xff, 0x38, 0xbd, 0xf8, 0xff, 0x38, 0xbd, 0xf8, 0xff,
    0x31, 0x9d, 0xd2, 0xff, 0x22, 0x52, 0x7b, 0xff, 0x1f, 0x46, 0x6d, 0xff, 0x1e, 0x40, 0x66, 0xff, 0x1d, 0x3b, 0x60, 0xff, 0x1c, 0x37, 0x5b, 0xff,
    0x1b, 0x34, 0x58, 0xff, 0x1b, 0x32, 0x55, 0xff, 0x1a, 0x30, 0x53, 0xff, 0x1a, 0x2f, 0x52, 0xff, 0x1a, 0x2e, 0x51, 0xff, 0x1a, 0x2e, 0x51, 0xff,
    0x1a, 0x2e, 0x51, 0xff, 0x1a, 0x2e, 0x51, 0xff, 0x1a, 0x2f, 0x52, 0xff, 0x1a, 0x30, 0x53, 0xff, 0x1b, 0x32, 0x55, 0xff, 0x1b, 0x34, 0x58, 0xff,
    0x1c, 0x37, 0x5b, 0xff, 0x1d, 0x3b, 0x60, 0xff, 0x1e, 0x40, 0x66, 0xff, 0x1f, 0x46, 0x6d, 0xff, 0xd3, 0xe5, 0xee, 0xff, 0xec, 0xfa, 0xff, 0xff,
    0xec, 0xfa, 0xff, 0xff, 0xec, 0xfa, 0xff, 0xff, 0xec, 0xfa, 0xff, 0xff, 0xec, 0xfa, 0xff, 0xff, 0x40, 0x73, 0x99, 0xff, 0x1f, 0x45, 0x6c, 0xff,
    0x1d, 0x3d, 0x62, 0xff, 0x1c, 0x36, 0x5a, 0xff, 0x1b, 0x31, 0x54, 0xff, 0x1a, 0x2d, 0x4f, 0xff, 0x19, 0x29, 0x4c, 0xff, 0x19, 0x27, 0x49, 0xff,
    0x18, 0x25, 0x47, 0xff, 0x18, 0x24, 0x45, 0xff, 0x18, 0x23, 0x44, 0xff, 0x18, 0x22, 0x43, 0xff, 0x17, 0x21, 0x42, 0xff, 0x17, 0x21, 0x41, 0xff,
    0x17, 0x20, 0x41, 0xff, 0x17, 0x20, 0x41, 0xff, 0x17, 0x20, 0x40, 0xff, 0x17, 0x20, 0x40, 0xff, 0x17, 0x20, 0x41, 0xff, 0x17, 0x21, 0x41, 0xff,
    0x17, 0x22, 0x42, 0xff, 0x17, 0x23, 0x43, 0xff, 0x18, 0x24, 0x45, 0xff, 0x18, 0x25, 0x47, 0xff, 0x19, 0x28, 0x49, 0xff, 0x19, 0x2b, 0x4d, 0xff,
    0x1a, 0x2e, 0x51, 0xff, 0x1b, 0x33, 0x57, 0xff, 0x1c, 0x3a, 0x5e, 0xff, 0x1e, 0x42, 0x68, 0xff, 0x20, 0x4c, 0x74, 0xff, 0x32, 0x9f, 0xd5, 0xff,
    0x38, 0xbd, 0xf8, 0xff, 0x38, 0xbd, 0xf8, 0xff, 0x38, 0xbd, 0xf8, 0xff, 0x31, 0x9d, 0xd2, 0xff, 0x21, 0x4e, 0x76, 0xff, 0x1f, 0x44, 0x6b, 0xff,
    0x1d, 0x3d, 0x63, 0xff, 0x1c, 0x38, 0x5c, 0xff, 0x1b, 0x34, 0x58, 0xff, 0x1a, 0x31, 0x54, 0xff, 0x1a, 0x2e, 0x51, 0xff, 0x1a, 0x2d, 0x4f, 0xff,
    0x19, 0x2b, 0x4d, 0xff, 0x19, 0x2a, 0x4c, 0xff, 0x19, 0x2a, 0x4c, 0xff, 0x19, 0x29, 0x4b, 0xff, 0x19, 0x29, 0x4b, 0xff, 0x19, 0x2a, 0x4c, 0xff,
    0x19, 0x2a, 0x4c, 0xff, 0x19, 0x2b, 0x4d, 0xff, 0x1a, 0x2d, 0x4f, 0xff, 0x1a, 0x2e, 0x51, 0xff, 0x1a, 0x31, 0x54, 0xff, 0x1b, 0x34, 0x58, 0xff,
    0x1c, 0x38, 0x5c, 0xff, 0x1d, 0x3d, 0x63, 0xff, 0x82, 0x9d, 0xb3, 0xff, 0xec, 0xfa, 0xff, 0xff, 0xec, 0xfa, 0xff, 0xff, 0xec, 0xfa, 0xff, 0xff,
    0xec, 0xfa, 0xff, 0xff, 0xb5, 0xe7, 0xfd, 0xff, 0x32, 0x9f, 0xd5, 0xff, 0x20, 0x4c, 0x74, 0xff, 0x1e, 0x42, 0x68, 0xff, 0x1c, 0x3a, 0x5e, 0xff,
    0x1b, 0x33, 0x57, 0xff, 0x1a, 0x2e, 0x51, 0xff, 0x19, 0x2b, 0x4d, 0xff, 0x19, 0x28, 0x49, 0xff, 0x18, 0x25, 0x47, 0xff, 0x18, 0x24, 0x45, 0xff,
    0x17, 0x23, 0x43, 0xff, 0x17, 0x22, 0x42, 0xff, 0x17, 0x21, 0x41, 0xff, 0x17, 0x20, 0x41, 0xff, 0x17, 0x20, 0x40, 0xff, 0x17, 0x20, 0x40, 0xff,
    0x16, 0x1f, 0x3f, 0xff, 0x17, 0x20, 0x3f, 0xff, 0x17, 0x20, 0x40, 0xff, 0x17, 0x21, 0x41, 0xff, 0x17, 0x21, 0x42, 0xff, 0x17, 0x23, 0x43, 0xff,
    0x17, 0x24, 0x45, 0xff, 0x18, 0x26, 0x47, 0xff, 0x18, 0x28, 0x4a, 0xff, 0x19, 0x2c, 0x4e, 0xff, 0x1a, 0x30, 0x53, 0xff, 0x1b, 0x36, 0x5a, 0xff,
    0x1d, 0x3e, 0x63, 0xff, 0x1f, 0x48, 0x6e, 0xff, 0x2b, 0x7f, 0xb0, 0xff, 0x38, 0xbd, 0xf8, 0xff, 0x38, 0xbd, 0xf8, 0xff, 0x38, 0xbd, 0xf8, 0xff,
    0x34, 0xa9, 0xe0, 0xff, 0x21, 0x51, 0x79, 0xff, 0x1e, 0x44, 0x6a, 0xff, 0x1d, 0x3c, 0x61, 0xff, 0x1b, 0x37, 0x5a, 0xff, 0x1a, 0x32, 0x55, 0xff,
    0x1a, 0x2f, 0x51, 0xff, 0x19, 0x2c, 0x4e, 0xff, 0x19, 0x2a, 0x4c, 0xff, 0x18, 0x29, 0x4a, 0xff, 0x18, 0x28, 0x49, 0xff, 0x18, 0x27, 0x48, 0xff,
    0x18, 0x26, 0x47, 0xff, 0x18, 0x26, 0x47, 0xff, 0x18, 0x26, 0x47, 0xff, 0x18, 0x26, 0x47, 0xff, 0x18, 0x27, 0x48, 0xff, 0x18, 0x28, 0x49, 0xff,
    0x18, 0x29, 0x4a, 0xff, 0x19, 0x2a, 0x4c, 0xff, 0x19, 0x2c, 0x4e, 0xff, 0x1a, 0x2f, 0x51, 0xff, 0x1a, 0x32, 0x55, 0xff, 0x1b, 0x37, 0x5a, 0xff,
    0x1d, 0x3c, 0x61, 0xff, 0x82, 0x9d, 0xb3, 0xff, 0xd3, 0xe5, 0xee, 0xff, 0xdd, 0xf4, 0xfd, 0xff, 0xa6, 0xe2, 0xfc, 0xff, 0x3e, 0xbf, 0xf8, 0xff,
    0x38, 0xbd, 0xf8, 0xff, 0x2b, 0x7f, 0xb0, 0xff, 0x1f, 0x48, 0x6e, 0xff, 0x1d, 0x3e, 0x63, 0xff, 0x1b, 0x36, 0x5a, 0xff, 0x1a, 0x30, 0x53, 0xff,
    0x19, 0x2c, 0x4e, 0xff, 0x18, 0x28, 0x4a, 0xff, 0x18, 0x26, 0x47, 0xff, 0x17, 0x24, 0x45, 0xff, 0x17, 0x23, 0x43, 0xff, 0x17, 0x21, 0x42, 0xff,
    0x17, 0x21, 0x41, 0xff, 0x17, 0x20, 0x40, 0xff, 0x17, 0x20, 0x3f, 0xff, 0x16, 0x1f, 0x3f, 0xff, 0x16, 0x1f, 0x3e, 0xff, 0x16, 0x1f, 0x3f, 0xff,
    0x16, 0x20, 0x3f, 0xff, 0x16, 0x20, 0x40, 0xff, 0x17, 0x21, 0x41, 0xff, 0x17, 0x23, 0x43, 0xff, 0x17, 0x24, 0x45, 0xff, 0x18, 0x26, 0x47, 0xff,
    0x18, 0x29, 0x4b, 0xff, 0x19, 0x2d, 0x4f, 0xff, 0x1a, 0x32, 0x55, 0xff, 0x1c, 0x39, 0x5d, 0xff, 0x1e, 0x42, 0x68, 0xff, 0x21, 0x50, 0x78, 0xff,
    0x36, 0xb3, 0xed, 0xff, 0x38, 0xbd, 0xf8, 0xff, 0x38, 0xbd, 0xf8, 0xff, 0x38, 0xbd, 0xf8, 0xff, 0x26, 0x67, 0x93, 0xff, 0x1e, 0x45, 0x6b, 0xff,
    0x1d, 0x3d, 0x61, 0xff, 0x1b, 0x36, 0x5a, 0xff, 0x1a, 0x31, 0x54, 0xff, 0x19, 0x2d, 0x4f, 0xff, 0x19, 0x2b, 0x4c, 0xff, 0x18, 0x28, 0x49, 0xff,
    0x18, 0x27, 0x48, 0xff, 0x18, 0x26, 0x46, 0xff, 0x17, 0x25, 0x45, 0xff, 0x17, 0x24, 0x44, 0xff, 0x28, 0x41, 0x62, 0xff, 0x33, 0x53, 0x75, 0xff,
    0x33, 0x53, 0x75, 0xff, 0x28, 0x41, 0x62, 0xff, 0x17, 0x24, 0x44, 0xff, 0x17, 0x25, 0x45, 0xff, 0x18, 0x26, 0x46, 0xff, 0x18, 0x27, 0x48, 0xff,
    0x18, 0x28, 0x49, 0xff, 0x19, 0x2b, 0x4c, 0xff, 0x19, 0x2d, 0x4f, 0xff, 0x1a, 0x31, 0x54, 0xff, 0x1b, 0x36, 0x5a, 0xff, 0x1d, 0x3d, 0x61, 0xff,
    0x1e, 0x45, 0x6b, 0xff, 0x26, 0x67, 0x93, 0xff, 0x38, 0xbd, 0xf8, 0xff, 0x38, 0xbd, 0xf8, 0xff, 0x38, 0xbd, 0xf8, 0xff, 0x36, 0xb3, 0xed, 0xff,
    0x21, 0x50, 0x78, 0xff, 0x1e, 0x42, 0x68, 0xff, 0x1c, 0x39, 0x5d, 0xff, 0x1a, 0x32, 0x55, 0xff, 0x19, 0x2d, 0x4f, 0xff, 0x18, 0x29, 0x4b, 0xff,
    0x18, 0x26, 0x47, 0xff, 0x17, 0x24, 0x45, 0xff, 0x17, 0x23, 0x43, 0xff, 0x17, 0x21, 0x41, 0xff, 0x16, 0x20, 0x40, 0xff, 0x16, 0x20, 0x3f, 0xff,
    0x16, 0x1f, 0x3f, 0xff, 0x16, 0x1f, 0x3e, 0xff, 0x16, 0x1e, 0x3d, 0xff, 0x16, 0x1f, 0x3e, 0xff, 0x16, 0x1f, 0x3f, 0xff, 0x16, 0x20, 0x3f, 0xff,
    0x16, 0x21, 0x41, 0xff, 0x17, 0x23, 0x42, 0xff, 0x17, 0x24, 0x44, 0xff, 0x18, 0x27, 0x47, 0xff, 0x18, 0x2a, 0x4b, 0xff, 0x19, 0x2f, 0x50, 0xff,
    0x1b, 0x35, 0x57, 0xff, 0x1c, 0x3c, 0x61, 0xff, 0x1f, 0x47, 0x6d, 0xff, 0x2c, 0x85, 0xb6, 0xff, 0x38, 0xbd, 0xf8, 0xff, 0x38, 0xbd, 0xf8, 0xff,
    0x38, 0xbd, 0xf8, 0xff, 0x2d, 0x8a, 0xbc, 0xff, 0x1f, 0x48, 0x6e, 0xff, 0x1d, 0x3e, 0x63, 0xff, 0x1b, 0x37, 0x5a, 0xff, 0x1a, 0x31, 0x54, 0xff,
    0x19, 0x2d, 0x4f, 0xff, 0x18, 0x2a, 0x4b, 0xff, 0x18, 0x27, 0x48, 0xff, 0x17, 0x26, 0x46, 0xff, 0x17, 0x24, 0x44, 0xff, 0x28, 0x40, 0x61, 0xff,
    0x55, 0x8c, 0xaf, 0xff, 0x7c, 0xc9, 0xec, 0xff, 0x88, 0xd8, 0xfb, 0xff, 0x89, 0xd8, 0xfb, 0xff, 0x89, 0xd8, 0xfb, 0xff, 0x88, 0xd8, 0xfb, 0xff,
    0x7c, 0xc9, 0xec, 0xff, 0x55, 0x8c, 0xaf, 0xff, 0x28, 0x40, 0x61, 0xff, 0x17, 0x24, 0x44, 0xff, 0x17, 0x26, 0x46, 0xff, 0x18, 0x27, 0x48, 0xff,
    0x18, 0x2a, 0x4b, 0xff, 0x19, 0x2d, 0x4f, 0xff, 0x1a, 0x31, 0x54, 0xff, 0x1b, 0x37, 0x5a, 0xff, 0x1d, 0x3e, 0x63, 0xff, 0x1f, 0x48, 0x6e, 0xff,
    0x2d, 0x8a, 0xbc, 0xff, 0x38, 0xbd, 0xf8, 0xff, 0x38, 0xbd, 0xf8, 0xff, 0x38, 0xbd, 0xf8, 0xff, 0x2c, 0x85, 0xb6, 0xff, 0x1f, 0x47, 0x6d, 0xff,
    0x1c, 0x3c, 0x61, 0xff, 0x1b, 0x35, 0x57, 0xff, 0x19, 0x2f, 0x50, 0xff, 0x18, 0x2a, 0x4b, 0xff, 0x18, 0x27, 0x47, 0xff, 0x17, 0x24, 0x44, 0xff,
    0x17, 0x23, 0x42, 0xff, 0x16, 0x21, 0x41, 0xff, 0x16, 0x20, 0x3f, 0xff, 0x16, 0x1f, 0x3f, 0xff, 0x16, 0x1f, 0x3e, 0xff, 0x16, 0x1e, 0x3d, 0xff,
    0x15, 0x1e, 0x3d, 0xff, 0x16, 0x1f, 0x3d, 0xff, 0x16, 0x1f, 0x3e, 0xff, 0x16, 0x20, 0x3f, 0xff, 0x16, 0x21, 0x40, 0xff, 0x16, 0x23, 0x42, 0xff,
    0x17, 0x25, 0x44, 0xff, 0x18, 0x27, 0x48, 0xff, 0x18, 0x2b, 0x4c, 0xff, 0x19, 0x30, 0x52, 0xff, 0x1b, 0x37, 0x5a, 0xff, 0x1d, 0x40, 0x64, 0xff,
    0x1f, 0x4c, 0x72, 0xff, 0x35, 0xae, 0xe7, 0xff, 0x38, 0xbd, 0xf8, 0xff, 0x38, 0xbd, 0xf8, 0xff, 0x36, 0xb5, 0xee, 0xff, 0x20, 0x50, 0x77, 0xff,
    0x1d, 0x41, 0x66, 0xff, 0x1b, 0x39, 0x5c, 0xff, 0x1a, 0x32, 0x54, 0xff, 0x19, 0x2d, 0x4f, 0xff, 0x18, 0x2a, 0x4a, 0xff, 0x17, 0x27, 0x47, 0xff,
    0x17, 0x25, 0x45, 0xff, 0x17, 0x23, 0x43, 0xff, 0x49, 0x78, 0x9a, 0xff, 0x86, 0xd8, 0xfb, 0xff, 0x8c, 0xd9, 0xfb, 0xff, 0x90, 0xdb, 0xfb, 0xff,
    0x93, 0xdc, 0xfc, 0xff, 0x95, 0xdc, 0xfc, 0xff, 0x95, 0xdc, 0xfc, 0xff, 0x93, 0xdc, 0xfc, 0xff, 0x90, 0xdb, 0xfb, 0xff, 0x8c, 0xd9, 0xfb, 0xff,
    0x86, 0xd8, 0xfb, 0xff, 0x49, 0x78, 0x9a, 0xff, 0x17, 0x23, 0x43, 0xff, 0x17, 0x25, 0x45, 0xff, 0x17, 0x27, 0x47, 0xff, 0x18, 0x2a, 0x4a, 0xff,
    0x19, 0x2d, 0x4f, 0xff, 0x1a, 0x32, 0x54, 0xff, 0x1b, 0x39, 0x5c, 0xff, 0x1d, 0x41, 0x66, 0xff, 0x20, 0x50, 0x77, 0xff, 0x36, 0xb5, 0xee, 0xff,
    0x38, 0xbd, 0xf8, 0xff, 0x38, 0xbd, 0xf8, 0xff, 0x35, 0xae, 0xe7, 0xff, 0x1f, 0x4c, 0x72, 0xff, 0x1d, 0x40, 0x64, 0xff, 0x1b, 0x37, 0x5a, 0xff,
    0x19, 0x30, 0x52, 0xff, 0x18, 0x2b, 0x4c, 0xff, 0x18, 0x27, 0x48, 0xff, 0x17, 0x25, 0x44, 0xff, 0x16, 0x23, 0x42, 0xff, 0x16, 0x21, 0x40, 0xff,
    0x16, 0x20, 0x3f, 0xff, 0x16, 0x1f, 0x3e, 0xff, 0x16, 0x1f, 0x3d, 0xff, 0x15, 0x1e, 0x3d, 0xff, 0x15, 0x1e, 0x3c, 0xff, 0x15, 0x1e, 0x3c, 0xff,
    0x15, 0x1f, 0x3d, 0xff, 0x16, 0x20, 0x3e, 0xff, 0x16, 0x21, 0x40, 0xff, 0x16, 0x23, 0x42, 0xff, 0x17, 0x25, 0x44, 0xff, 0x17, 0x28, 0x48, 0xff,
    0x18, 0x2c, 0x4d, 0xff, 0x1a, 0x32, 0x53, 0xff, 0x1b, 0x39, 0x5c, 0xff, 0x1d, 0x43, 0x68, 0xff, 0x27, 0x6d, 0x9a, 0xff, 0x38, 0xbd, 0xf8, 0xff,
    0x38, 0xbd, 0xf8, 0xff, 0x38, 0xbd, 0xf8, 0xff, 0x2d, 0x8a, 0xbb, 0xff, 0x1e, 0x47, 0x6c, 0xff, 0x1c, 0x3c, 0x60, 0xff, 0x1a, 0x34, 0x57, 0xff,
    0x19, 0x2f, 0x50, 0xff, 0x18, 0x2a, 0x4b, 0xff, 0x17, 0x27, 0x47, 0xff, 0x17, 0x25, 0x44, 0xff, 0x16, 0x23, 0x42, 0xff, 0x55, 0x8b, 0xae, 0xff,
    0x89, 0xd8, 0xfb, 0xff, 0x90, 0xdb, 0xfb, 0xff, 0x96, 0xdd, 0xfc, 0xff, 0x9b, 0xdf, 0xfc, 0xff, 0x9e, 0xe0, 0xfc, 0xff, 0xa0, 0xe0, 0xfc, 0xff,
    0xa0, 0xe0, 0xfc, 0xff, 0x9e, 0xe0, 0xfc, 0xff, 0x9b, 0xdf, 0xfc, 0xff, 0x96, 0xdd, 0xfc, 0xff, 0x90, 0xdb, 0xfb, 0xff, 0x89, 0xd8, 0xfb, 0xff,
    0x55, 0x8b, 0xae, 0xff, 0x16, 0x23, 0x42, 0xff, 0x17, 0x25, 0x44, 0xff, 0x17, 0x27, 0x47, 0xff, 0x18, 0x2a, 0x4b, 0xff, 0x19, 0x2f, 0x50, 0xff,
    0x1a, 0x34, 0x57, 0xff, 0x1c, 0x3c, 0x60, 0xff, 0x1e, 0x47, 0x6c, 0xff, 0x2d, 0x8a, 0xbb, 0xff, 0x38, 0xbd, 0xf8, 0xff, 0x38, 0xbd, 0xf8, 0xff,
    0x38, 0xbd, 0xf8, 0xff, 0x27, 0x6d, 0x9a, 0xff, 0x1d, 0x43, 0x68, 0xff, 0x1b, 0x39, 0x5c, 0xff, 0x1a, 0x32, 0x53, 0xff, 0x18, 0x2c, 0x4d, 0xff,
    0x17, 0x28, 0x48, 0xff, 0x17, 0x25, 0x44, 0xff, 0x16, 0x23, 0x42, 0xff, 0x16, 0x21, 0x40, 0xff, 0x16, 0x20, 0x3e, 0xff, 0x15, 0x1f, 0x3d, 0xff,
    0x15, 0x1e, 0x3c, 0xff, 0x15, 0x1e, 0x3c, 0xff, 0x15, 0x1d, 0x3b, 0xff, 0x15, 0x1e, 0x3c, 0xff, 0x15, 0x1e, 0x3c, 0xff, 0x15, 0x1f, 0x3e, 0xff,
    0x16, 0x21, 0x3f, 0xff, 0x16, 0x23, 0x41, 0xff, 0x17, 0x25, 0x44, 0xff, 0x17, 0x28, 0x48, 0xff, 0x18, 0x2d, 0x4d, 0xff, 0x1a, 0x33, 0x55, 0xff,
    0x1b, 0x3b, 0x5e, 0xff, 0x1e, 0x46, 0x6b, 0xff, 0x2e, 0x8f, 0xc1, 0xff, 0x38, 0xbd, 0xf8, 0xff, 0x38, 0xbd, 0xf8, 0xff, 0x38, 0xbd, 0xf8, 0xff,
    0x23, 0x5f, 0x88, 0xff, 0x1d, 0x41, 0x66, 0xff, 0x1b, 0x38, 0x5b, 0xff, 0x19, 0x31, 0x52, 0xff, 0x18, 0x2c, 0x4c, 0xff, 0x17, 0x28, 0x47, 0xff,
    0x16, 0x25, 0x44, 0xff, 0x16, 0x23, 0x41, 0xff, 0x49, 0x78, 0x99, 0xff, 0x89, 0xd8, 0xfb, 0xff, 0x91, 0xdb, 0xfb, 0xff, 0x99, 0xde, 0xfc, 0xff,
    0xa0, 0xe0, 0xfc, 0xff, 0xa6, 0xe2, 0xfc, 0xff, 0xaa, 0xe4, 0xfc, 0xff, 0xac, 0xe4, 0xfd, 0xff, 0xac, 0xe4, 0xfd, 0xff, 0xaa, 0xe4, 0xfc, 0xff,
    0xa6, 0xe2, 0xfc, 0xff, 0xa0, 0xe0, 0xfc, 0xff, 0x99, 0xde, 0xfc, 0xff, 0x91, 0xdb, 0xfb, 0xff, 0x89, 0xd8, 0xfb, 0xff, 0x49, 0x78, 0x99, 0xff,
    0x16, 0x23, 0x41, 0xff, 0x16, 0x25, 0x44, 0xff, 0x17, 0x28, 0x47, 0xff, 0x18, 0x2c, 0x4c, 0xff, 0x19, 0x31, 0x52, 0xff, 0x1b, 0x38, 0x5b, 0xff,
    0x1d, 0x41, 0x66, 0xff, 0x23, 0x5f, 0x88, 0xff, 0x38, 0xbd, 0xf8, 0xff, 0x38, 0xbd, 0xf8, 0xff, 0x38, 0xbd, 0xf8, 0xff, 0x2e, 0x8f, 0xc1, 0xff,
    0x1e, 0x46, 0x6b, 0xff, 0x1b, 0x3b, 0x5e, 0xff, 0x1a, 0x33, 0x55, 0xff, 0x18, 0x2d, 0x4d, 0xff, 0x17, 0x28, 0x48, 0xff, 0x17, 0x25, 0x44, 0xff,
    0x16, 0x23, 0x41, 0xff, 0x16, 0x21, 0x3f, 0xff, 0x15, 0x1f, 0x3e, 0xff, 0x15, 0x1e, 0x3c, 0xff, 0x15, 0x1e, 0x3c, 0xff, 0x15, 0x1d, 0x3b, 0xff,
    0x14, 0x1d, 0x3a, 0xff, 0x15, 0x1d, 0x3b, 0xff, 0x15, 0x1e, 0x3c, 0xff, 0x15, 0x1f, 0x3d, 0xff, 0x15, 0x21, 0x3f, 0xff, 0x16, 0x23, 0x41, 0xff,
    0x16, 0x25, 0x44, 0xff, 0x17, 0x29, 0x48, 0xff, 0x18, 0x2e, 0x4e, 0xff, 0x1a, 0x34, 0x56, 0xff, 0x1c, 0x3d, 0x60, 0xff, 0x1e, 0x49, 0x6f, 0xff,
    0x34, 0xa9, 0xe0, 0xff, 0x38, 0xbd, 0xf8, 0xff, 0x38, 0xbd, 0xf8, 0xff, 0x33, 0xa8, 0xdf, 0xff, 0x1e, 0x49, 0x6f, 0xff, 0x1c, 0x3d, 0x61, 0xff,
    0x1a, 0x35, 0x56, 0xff, 0x18, 0x2e, 0x4f, 0xff, 0x17, 0x29, 0x49, 0xff, 0x16, 0x26, 0x45, 0xff, 0x16, 0x23, 0x42, 0xff, 0x27, 0x3e, 0x5e, 0xff,
    0x86, 0xd8, 0xfb, 0xff, 0x90, 0xdb, 0xfb, 0xff, 0x99, 0xde, 0xfc, 0xff, 0xa2, 0xe1, 0xfc, 0xff, 0xaa, 0xe4, 0xfc, 0xff, 0xb0, 0xe6, 0xfd, 0xff,
    0xb5, 0xe7, 0xfd, 0xff, 0xb7, 0xe8, 0xfd, 0xff, 0xb7, 0xe8, 0xfd, 0xff, 0xb5, 0xe7, 0xfd, 0xff, 0xb0, 0xe6, 0xfd, 0xff, 0xaa, 0xe4, 0xfc, 0xff,
    0xa2, 0xe1, 0xfc, 0xff, 0x99, 0xde, 0xfc, 0xff, 0x90, 0xdb, 0xfb, 0xff, 0x86, 0xd8, 0xfb, 0xff, 0x27, 0x3e, 0x5e, 0xff, 0x16, 0x23, 0x42, 0xff,
    0x16, 0x26, 0x45, 0xff, 0x17, 0x29, 0x49, 0xff, 0x18, 0x2e, 0x4f, 0xff, 0x1a, 0x35, 0x56, 0xff, 0x1c, 0x3d, 0x61, 0xff, 0x1e, 0x49, 0x6f, 0xff,
    0x33, 0xa8, 0xdf, 0xff, 0x38, 0xbd, 0xf8, 0xff, 0x38, 0xbd, 0xf8, 0xff, 0x34, 0xa9, 0xe0, 0xff, 0x1e, 0x49, 0x6f, 0xff, 0x1c, 0x3d, 0x60, 0xff,
    0x1a, 0x34, 0x56, 0xff, 0x18, 0x2e, 0x4e, 0xff, 0x17, 0x29, 0x48, 0xff, 0x16, 0x25, 0x44, 0xff, 0x16, 0x23, 0x41, 0xff, 0x15, 0x21, 0x3f, 0xff,
    0x15, 0x1f, 0x3d, 0xff, 0x15, 0x1e, 0x3c, 0xff, 0x15, 0x1d, 0x3b, 0xff, 0x14, 0x1d, 0x3a, 0xff, 0x14, 0x1c, 0x39, 0xff, 0x14, 0x1d, 0x3a, 0xff,
    0x14, 0x1e, 0x3b, 0xff, 0x15, 0x1f, 0x3c, 0xff, 0x15, 0x20, 0x3e, 0xff, 0x15, 0x22, 0x40, 0xff, 0x16, 0x25, 0x44, 0xff, 0x17, 0x29, 0x48, 0xff,
    0x18, 0x2e, 0x4e, 0xff, 0x1a, 0x35, 0x57, 0xff, 0x1c, 0x3f, 0x62, 0xff, 0x1f, 0x4e, 0x75, 0xff, 0x38, 0xbd, 0xf8, 0xff, 0x38, 0xbd, 0xf8, 0xff,
    0x38, 0xbd, 0xf8, 0xff, 0x2e, 0x8f, 0xc2, 0xff, 0x1d, 0x45, 0x6a, 0xff, 0x1b, 0x3a, 0x5d, 0xff, 0x19, 0x32, 0x53, 0xff, 0x18, 0x2c, 0x4c, 0xff,
    0x17, 0x28, 0x46, 0xff, 0x16, 0x24, 0x43, 0xff, 0x15, 0x22, 0x40, 0xff, 0x54, 0x8b, 0xad, 0xff, 0x8c, 0xd9, 0xfb, 0xff, 0x96, 0xdd, 0xfc, 0xff,
    0xa0, 0xe0, 0xfc, 0xff, 0xaa, 0xe4, 0xfc, 0xff, 0xb2, 0xe6, 0xfd, 0xff, 0xba, 0xe9, 0xfd, 0xff, 0xc0, 0xeb, 0xfd, 0xff, 0xc3, 0xec, 0xfd, 0xff,
    0xc3, 0xec, 0xfd, 0xff, 0xc0, 0xeb, 0xfd, 0xff, 0xba, 0xe9, 0xfd, 0xff, 0xb2, 0xe6, 0xfd, 0xff, 0xaa, 0xe4, 0xfc, 0xff, 0xa0, 0xe0, 0xfc, 0xff,
    0x96, 0xdd, 0xfc, 0xff, 0x8c, 0xd9, 0xfb, 0xff, 0x54, 0x8b, 0xad, 0xff, 0x15, 0x22, 0x40, 0xff, 0x16, 0x24, 0x43, 0xff, 0x17, 0x28, 0x46, 0xff,
    0x18, 0x2c, 0x4c, 0xff, 0x19, 0x32, 0x53, 0xff, 0x1b, 0x3a, 0x5d, 0xff, 0x1d, 0x45, 0x6a, 0xff, 0x2e, 0x8f, 0xc2, 0xff, 0x38, 0xbd, 0xf8, 0xff,
    0x38, 0xbd, 0xf8, 0xff, 0x38, 0xbd, 0xf8, 0xff, 0x1f, 0x4e, 0x75, 0xff, 0x1c, 0x3f, 0x62, 0xff, 0x1a, 0x35, 0x57, 0xff, 0x18, 0x2e, 0x4e, 0xff,
    0x17, 0x29, 0x48, 0xff, 0x16, 0x25, 0x44, 0xff, 0x15, 0x22, 0x40, 0xff, 0x15, 0x20, 0x3e, 0xff, 0x15, 0x1f, 0x3c, 0xff, 0x14, 0x1e, 0x3b, 0xff,
    0x14, 0x1d, 0x3a, 0xff, 0x14, 0x1c, 0x39, 0xff, 0x14, 0x1c, 0x38, 0xff, 0x14, 0x1d, 0x39, 0xff, 0x14, 0x1d, 0x3a, 0xff, 0x14, 0x1f, 0x3b, 0xff,
    0x15, 0x20, 0x3d, 0xff, 0x15, 0x22, 0x40, 0xff, 0x16, 0x25, 0x43, 0xff, 0x17, 0x29, 0x48, 0xff, 0x18, 0x2e, 0x4e, 0xff, 0x1a, 0x36, 0x57, 0xff,
    0x1c, 0x40, 0x63, 0xff, 0x23, 0x60, 0x8a, 0xff, 0x38, 0xbd, 0xf8, 0xff, 0x38, 0xbd, 0xf8, 0xff, 0x38, 0xbd, 0xf8, 0xff, 0x29, 0x7b, 0xaa, 0xff,
    0x1c, 0x43, 0x66, 0xff, 0x1a, 0x38, 0x5a, 0xff, 0x18, 0x30, 0x50, 0xff, 0x17, 0x2a, 0x49, 0xff, 0x16, 0x26, 0x44, 0xff, 0x15, 0x23, 0x41, 0xff,
    0x15, 0x21, 0x3e, 0xff, 0x7c, 0xc8, 0xec, 0xff, 0x90, 0xdb, 0xfb, 0xff, 0x9b, 0xdf, 0xfc, 0xff, 0xa6, 0xe2, 0xfc, 0xff, 0xb0, 0xe6, 0xfd, 0xff,
    0xba, 0xe9, 0xfd, 0xff, 0xc3, 0xec, 0xfd, 0xff, 0xca, 0xef, 0xfe, 0xff, 0xce, 0xf0, 0xfe, 0xff, 0xce, 0xf0, 0xfe, 0xff, 0xca, 0xef, 0xfe, 0xff,
    0xc3, 0xec, 0xfd, 0xff, 0xba, 0xe9, 0xfd, 0xff, 0xb0, 0xe6, 0xfd, 0xff, 0xa6, 0xe2, 0xfc, 0xff, 0x9b, 0xdf, 0xfc, 0xff, 0x90, 0xdb, 0xfb, 0xff,
    0x7c, 0xc8, 0xec, 0xff, 0x15, 0x21, 0x3e, 0xff, 0x15, 0x23, 0x41, 0xff, 0x16, 0x26, 0x44, 0xff, 0x17, 0x2a, 0x49, 0xff, 0x18, 0x30, 0x50, 0xff,
    0x1a, 0x38, 0x5a, 0xff, 0x1c, 0x43, 0x66, 0xff, 0x29, 0x7b, 0xaa, 0xff, 0x38, 0xbd, 0xf8, 0xff, 0x38, 0xbd, 0xf8, 0xff, 0x38, 0xbd, 0xf8, 0xff,
    0x23, 0x60, 0x8a, 0xff, 0x1c, 0x40, 0x63, 0xff, 0x1a, 0x36, 0x57, 0xff, 0x18, 0x2e, 0x4e, 0xff, 0x17, 0x29, 0x48, 0xff, 0x16, 0x25, 0x43, 0xff,
    0x15, 0x22, 0x40, 0xff, 0x15, 0x20, 0x3d, 0xff, 0x14, 0x1f, 0x3b, 0xff, 0x14, 0x1d, 0x3a, 0xff, 0x14, 0x1d, 0x39, 0xff, 0x14, 0x1c, 0x38, 0xff,
    0x13, 0x1b, 0x37, 0xff, 0x14, 0x1c, 0x38, 0xff, 0x14, 0x1d, 0x39, 0xff, 0x14, 0x1e, 0x3b, 0xff, 0x14, 0x20, 0x3d, 0xff, 0x15, 0x22, 0x3f, 0xff,
    0x16, 0x25, 0x43, 0xff, 0x16, 0x29, 0x48, 0xff, 0x18, 0x2f, 0x4e, 0xff, 0x19, 0x36, 0x57, 0xff, 0x1c, 0x41, 0x64, 0xff, 0x26, 0x6c, 0x98, 0xff,
    0x38, 0xbd, 0xf8, 0xff, 0x38, 0xbd, 0xf8, 0xff, 0x38, 0xbd, 0xf8, 0xff, 0x26, 0x6c, 0x98, 0xff, 0x1c, 0x41, 0x64, 0xff, 0x19, 0x36, 0x57, 0xff,
    0x18, 0x2f, 0x4e, 0xff, 0x17, 0x29, 0x48, 0xff, 0x16, 0x25, 0x43, 0xff, 0x15, 0x22, 0x3f, 0xff, 0x26, 0x3d, 0x5b, 0xff, 0x88, 0xd8, 0xfb, 0xff,
    0x93, 0xdc, 0xfc, 0xff, 0x9e, 0xe0, 0xfc, 0xff, 0xaa, 0xe4, 0xfc, 0xff, 0xb5, 0xe7, 0xfd, 0xff, 0xc0, 0xeb, 0xfd, 0xff, 0xca, 0xef, 0xfe, 0xff,
    0xd3, 0xf2, 0xfe, 0xff, 0xda, 0xf4, 0xfe, 0xff, 0xda, 0xf4, 0xfe, 0xff, 0xd3, 0xf2, 0xfe, 0xff, 0xca, 0xef, 0xfe, 0xff, 0xc0, 0xeb, 0xfd, 0xff,
    0xb5, 0xe7, 0xfd, 0xff, 0xaa, 0xe4, 0xfc, 0xff, 0x9e, 0xe0, 0xfc, 0xff, 0x93, 0xdc, 0xfc, 0xff, 0x88, 0xd8, 0xfb, 0xff, 0x26, 0x3d, 0x5b, 0xff,
    0x15, 0x22, 0x3f, 0xff, 0x16, 0x25, 0x43, 0xff, 0x17, 0x29, 0x48, 0xff, 0x18, 0x2f, 0x4e, 0xff, 0x19, 0x36, 0x57, 0xff, 0x1c, 0x41, 0x64, 0xff,
    0x26, 0x6c, 0x98, 0xff, 0x38, 0xbd, 0xf8, 0xff, 0x38, 0xbd, 0xf8, 0xff, 0x38, 0xbd, 0xf8, 0xff, 0x26, 0x6c, 0x98, 0xff, 0x1c, 0x41, 0x64, 0xff,
    0x19, 0x36, 0x57, 0xff, 0x18, 0x2f, 0x4e, 0xff, 0x16, 0x29, 0x48, 0xff, 0x16, 0x25, 0x43, 0xff, 0x15, 0x22, 0x3f, 0xff, 0x14, 0x20, 0x3d, 0xff,
    0x14, 0x1e, 0x3b, 0xff, 0x14, 0x1d, 0x39, 0xff, 0x14, 0x1c, 0x38, 0xff, 0x13, 0x1b, 0x37, 0xff, 0x13, 0x1b, 0x37, 0xff, 0x13, 0x1c, 0x37, 0xff,
    0x13, 0x1c, 0x38, 0xff, 0x14, 0x1e, 0x3a, 0xff, 0x14, 0x1f, 0x3c, 0xff, 0x15, 0x22, 0x3e, 0xff, 0x15, 0x25, 0x42, 0xff, 0x16, 0x29, 0x47, 0xff,
    0x18, 0x2e, 0x4e, 0xff, 0x19, 0x36, 0x57, 0xff, 0x1c, 0x41, 0x64, 0xff, 0x27, 0x72, 0x9e, 0xff, 0x38, 0xbd, 0xf8, 0xff, 0x38, 0xbd, 0xf8, 0xff,
    0x38, 0xbd, 0xf8, 0xff, 0x24, 0x65, 0x8f, 0xff, 0x1b, 0x40, 0x62, 0xff, 0x19, 0x35, 0x56, 0xff, 0x17, 0x2e, 0x4d, 0xff, 0x16, 0x28, 0x46, 0xff,
    0x15, 0x24, 0x42, 0xff, 0x15, 0x21, 0x3e, 0xff, 0x31, 0x50, 0x6f, 0xff, 0x89, 0xd8, 0xfb, 0xff, 0x95, 0xdc, 0xfc, 0xff, 0xa0, 0xe0, 0xfc, 0xff,
    0xac, 0xe4, 0xfd, 0xff, 0xb7, 0xe8, 0xfd, 0xff, 0xc3, 0xec, 0xfd, 0xff, 0xce, 0xf0, 0xfe, 0xff, 0xda, 0xf4, 0xfe, 0xff, 0xe4, 0xf7, 0xff, 0xff,
    0xe4, 0xf7, 0xff, 0xff, 0xda, 0xf4, 0xfe, 0xff, 0xce, 0xf0, 0xfe, 0xff, 0xc3, 0xec, 0xfd, 0xff, 0xb7, 0xe8, 0xfd, 0xff, 0xac, 0xe4, 0xfd, 0xff,
    0xa0, 0xe0, 0xfc, 0xff, 0x95, 0xdc, 0xfc, 0xff, 0x89, 0xd8, 0xfb, 0xff, 0x31, 0x50, 0x6f, 0xff, 0x15, 0x21, 0x3e, 0xff, 0x15, 0x24, 0x42, 0xff,
    0x16, 0x28, 0x46, 0xff, 0x17, 0x2e, 0x4d, 0xff, 0x19, 0x35, 0x56, 0xff, 0x1b, 0x40, 0x62, 0xff, 0x24, 0x65, 0x8f, 0xff, 0x38, 0xbd, 0xf8, 0xff,
    0x38, 0xbd, 0xf8, 0xff, 0x38, 0xbd, 0xf8, 0xff, 0x27, 0x72, 0x9e, 0xff, 0x1c, 0x41, 0x64, 0xff, 0x19, 0x36, 0x57, 0xff, 0x18, 0x2e, 0x4e, 0xff,
    0x16, 0x29, 0x47, 0xff, 0x15, 0x25, 0x42, 0xff, 0x15, 0x22, 0x3e, 0xff, 0x14, 0x1f, 0x3c, 0xff, 0x14, 0x1e, 0x3a, 0xff, 0x13, 0x1c, 0x38, 0xff,
    0x13, 0x1c, 0x37, 0xff, 0x13, 0x1b, 0x37, 0xff, 0x13, 0x1a, 0x36, 0xff, 0x13, 0x1b, 0x36, 0xff, 0x13, 0x1c, 0x37, 0xff, 0x13, 0x1d, 0x39, 0xff,
    0x14, 0x1f, 0x3b, 0xff, 0x14, 0x21, 0x3d, 0xff, 0x15, 0x24, 0x41, 0xff, 0x16, 0x28, 0x46, 0xff, 0x17, 0x2e, 0x4d, 0xff, 0x19, 0x36, 0x56, 0xff,
    0x1b, 0x40, 0x63, 0xff, 0x27, 0x72, 0x9e, 0xff, 0x38, 0xbd, 0xf8, 0xff, 0x38, 0xbd, 0xf8, 0xff, 0x38, 0xbd, 0xf8, 0xff, 0x24, 0x64, 0x8e, 0xff,
    0x1b, 0x3f, 0x61, 0xff, 0x19, 0x35, 0x55, 0xff, 0x17, 0x2d, 0x4c, 0xff, 0x16, 0x28, 0x46, 0xff, 0x15, 0x24, 0x41, 0xff, 0x14, 0x21, 0x3d, 0xff,
    0x31, 0x4f, 0x6e, 0xff, 0x89, 0xd8, 0xfb, 0xff, 0x95, 0xdc, 0xfc, 0xff, 0xa0, 0xe0, 0xfc, 0xff, 0xac, 0xe4, 0xfd, 0xff, 0xb7, 0xe8, 0xfd, 0xff,
    0xc3, 0xec, 0xfd, 0xff, 0xce, 0xf0, 0xfe, 0xff, 0xda, 0xf4, 0xfe, 0xff, 0xe4, 0xf7, 0xff, 0xff, 0xe4, 0xf7, 0xff, 0xff, 0xda, 0xf4, 0xfe, 0xff,
    0xce, 0xf0, 0xfe, 0xff, 0xc3, 0xec, 0xfd, 0xff, 0xb7, 0xe8, 0xfd, 0xff, 0xac, 0xe4, 0xfd, 0xff, 0xa0, 0xe0, 0xfc, 0xff, 0x95, 0xdc, 0xfc, 0xff,
    0x89, 0xd8, 0xfb, 0xff, 0x31, 0x4f, 0x6e, 0xff, 0x14, 0x21, 0x3d, 0xff, 0x15, 0x24, 0x41, 0xff, 0x16, 0x28, 0x46, 0xff, 0x17, 0x2d, 0x4c, 0xff,
    0x19, 0x35, 0x55, 0xff, 0x1b, 0x3f, 0x61, 0xff, 0x24, 0x64, 0x8e, 0xff, 0x38, 0xbd, 0xf8, 0xff, 0x38, 0xbd, 0xf8, 0xff, 0x38, 0xbd, 0xf8, 0xff,
    0x27, 0x72, 0x9e, 0xff, 0x1b, 0x40, 0x63, 0xff, 0x19, 0x36, 0x56, 0xff, 0x17, 0x2e, 0x4d, 0xff, 0x16, 0x28, 0x46, 0xff, 0x15, 0x24, 0x41, 0xff,
    0x14, 0x21, 0x3d, 0xff, 0x14, 0x1f, 0x3b, 0xff, 0x13, 0x1d, 0x39, 0xff, 0x13, 0x1c, 0x37, 0xff, 0x13, 0x1b, 0x36, 0xff, 0x13, 0x1a, 0x36, 0xff,
    0x12, 0x1a, 0x35, 0xff, 0x13, 0x1b, 0x35, 0xff, 0x13, 0x1b, 0x36, 0xff, 0x13, 0x1d, 0x38, 0xff, 0x13, 0x1e, 0x3a, 0xff, 0x14, 0x20, 0x3c, 0xff,
    0x15, 0x24, 0x40, 0xff, 0x16, 0x28, 0x45, 0xff, 0x17, 0x2d, 0x4c, 0xff, 0x19, 0x35, 0x55, 0xff, 0x1b, 0x3f, 0x62, 0xff, 0x25, 0x6b, 0x96, 0xff,
    0x38, 0xbd, 0xf8, 0xff, 0x38, 0xbd, 0xf8, 0xff, 0x38, 0xbd, 0xf8, 0xff, 0x25, 0x6c, 0x97, 0xff, 0x1b, 0x40, 0x62, 0xff, 0x19, 0x35, 0x55, 0xff,
    0x17, 0x2d, 0x4c, 0xff, 0x16, 0x28, 0x45, 0xff, 0x15, 0x24, 0x40, 0xff, 0x14, 0x21, 0x3d, 0xff, 0x25, 0x3c, 0x59, 0xff, 0x88, 0xd8, 0xfb, 0xff,
    0x93, 0xdc, 0xfc, 0xff, 0x9e, 0xe0, 0xfc, 0xff, 0xaa, 0xe4, 0xfc, 0xff, 0xb5, 0xe7, 0xfd, 0xff, 0xc0, 0xeb, 0xfd, 0xff, 0xca, 0xef, 0xfe, 0xff,
    0xd3, 0xf2, 0xfe, 0xff, 0xda, 0xf4, 0xfe, 0xff, 0xda, 0xf4, 0xfe, 0xff, 0xd3, 0xf2, 0xfe, 0xff, 0xca, 0xef, 0xfe, 0xff, 0xc0, 0xeb, 0xfd, 0xff,
    0xb5, 0xe7, 0xfd, 0xff, 0xaa, 0xe4, 0xfc, 0xff, 0x9e, 0xe0, 0xfc, 0xff, 0x93, 0xdc, 0xfc, 0xff, 0x88, 0xd8, 0xfb, 0xff, 0x25, 0x3c, 0x59, 0xff,
    0x14, 0x21, 0x3d, 0xff, 0x15, 0x24, 0x40, 0xff, 0x16, 0x28, 0x45, 0xff, 0x17, 0x2d, 0x4c, 0xff, 0x19, 0x35, 0x55, 0xff, 0x1b, 0x40, 0x62, 0xff,
    0x25, 0x6c, 0x97, 0xff, 0x38, 0xbd, 0xf8, 0xff, 0x38, 0xbd, 0xf8, 0xff, 0x38, 0xbd, 0xf8, 0xff, 0x25, 0x6b, 0x96, 0xff, 0x1b, 0x3f, 0x62, 0xff,
    0x19, 0x35, 0x55, 0xff, 0x17, 0x2d, 0x4c, 0xff, 0x16, 0x28, 0x45, 0xff, 0x15, 0x24, 0x40, 0xff, 0x14, 0x20, 0x3c, 0xff, 0x13, 0x1e, 0x3a, 0xff,
    0x13, 0x1d, 0x38, 0xff, 0x13, 0x1b, 0x36, 0xff, 0x13, 0x1b, 0x35, 0xff, 0x12, 0x1a, 0x35, 0xff, 0x12, 0x19, 0x34, 0xff, 0x12, 0x1a, 0x34, 0xff,
    0x12, 0x1b, 0x35, 0xff, 0x13, 0x1c, 0x37, 0xff, 0x13, 0x1e, 0x39, 0xff, 0x13, 0x20, 0x3b, 0xff, 0x14, 0x23, 0x3f, 0xff, 0x15, 0x27, 0x44, 0xff,
    0x16, 0x2c, 0x4a, 0xff, 0x18, 0x34, 0x53, 0xff, 0x1a, 0x3e, 0x60, 0xff, 0x22, 0x5f, 0x87, 0xff, 0x38, 0xbd, 0xf8, 0xff, 0x38, 0xbd, 0xf8, 0xff,
    0x38, 0xbd, 0xf8, 0xff, 0x28, 0x7a, 0xa8, 0xff, 0x1b, 0x41, 0x63, 0xff, 0x19, 0x36, 0x56, 0xff, 0x17, 0x2e, 0x4c, 0xff, 0x15, 0x28, 0x45, 0xff,
    0x14, 0x24, 0x40, 0xff, 0x14, 0x21, 0x3c, 0xff, 0x13, 0x1e, 0x3a, 0xff, 0x7c, 0xc8, 0xeb, 0xff, 0x90, 0xdb, 0xfb, 0xff, 0x9b, 0xdf, 0xfc, 0xff,
    0xa6, 0xe2, 0xfc, 0xff, 0xb0, 0xe6, 0xfd, 0xff, 0xba, 0xe9, 0xfd, 0xff, 0xc3, 0xec, 0xfd, 0xff, 0xca, 0xef, 0xfe, 0xff, 0xce, 0xf0, 0xfe, 0xff,
    0xce, 0xf0, 0xfe, 0xff, 0xca, 0xef, 0xfe, 0xff, 0xc3, 0xec, 0xfd, 0xff, 0xba, 0xe9, 0xfd, 0xff, 0xb0, 0xe6, 0xfd, 0xff, 0xa6, 0xe2, 0xfc, 0xff,
    0x9b, 0xdf, 0xfc, 0xff, 0x90, 0xdb, 0xfb, 0xff, 0x7c, 0xc8, 0xeb, 0xff, 0x13, 0x1e, 0x3a, 0xff, 0x14, 0x21, 0x3c, 0xff, 0x14, 0x24, 0x40, 0xff,
    0x15, 0x28, 0x45, 0xff, 0x17, 0x2e, 0x4c, 0xff, 0x19, 0x36, 0x56, 0xff, 0x1b, 0x41, 0x63, 0xff, 0x28, 0x7a, 0xa8, 0xff, 0x38, 0xbd, 0xf8, 0xff,
    0x38, 0xbd, 0xf8, 0xff, 0x38, 0xbd, 0xf8, 0xff, 0x22, 0x5f, 0x87, 0xff, 0x1a, 0x3e, 0x60, 0xff, 0x18, 0x34, 0x53, 0xff, 0x16, 0x2c, 0x4a, 0xff,
    0x15, 0x27, 0x44, 0xff, 0x14, 0x23, 0x3f, 0xff, 0x13, 0x20, 0x3b, 0xff, 0x13, 0x1e, 0x39, 0xff, 0x13, 0x1c, 0x37, 0xff, 0x12, 0x1b, 0x35, 0xff,
    0x12, 0x1a, 0x34, 0xff, 0x12, 0x19, 0x34, 0xff, 0x12, 0x19, 0x33, 0xff, 0x12, 0x1a, 0x33, 0xff, 0x12, 0x1a, 0x34, 0xff, 0x12, 0x1b, 0x36, 0xff,
    0x13, 0x1d, 0x38, 0xff, 0x13, 0x1f, 0x3a, 0xff, 0x14, 0x22, 0x3e, 0xff, 0x15, 0x26, 0x42, 0xff, 0x16, 0x2b, 0x49, 0xff, 0x18, 0x32, 0x51, 0xff,
    0x1a, 0x3c, 0x5d, 0xff, 0x1e, 0x4c, 0x70, 0xff, 0x38, 0xbd, 0xf8, 0xff, 0x38, 0xbd, 0xf8, 0xff, 0x38, 0xbd, 0xf8, 0xff, 0x2d, 0x8e, 0xc0, 0xff,
    0x1b, 0x43, 0x65, 0xff, 0x19, 0x37, 0x57, 0xff, 0x17, 0x2f, 0x4d, 0xff, 0x15, 0x29, 0x46, 0xff, 0x14, 0x24, 0x40, 0xff, 0x14, 0x21, 0x3c, 0xff,
    0x13, 0x1e, 0x39, 0xff, 0x53, 0x89, 0xaa, 0xff, 0x8c, 0xd9, 0xfb, 0xff, 0x96, 0xdd, 0xfc, 0xff, 0xa0, 0xe0, 0xfc, 0xff, 0xaa, 0xe4, 0xfc, 0xff,
    0xb2, 0xe6, 0xfd, 0xff, 0xba, 0xe9, 0xfd, 0xff, 0xc0, 0xeb, 0xfd, 0xff, 0xc3, 0xec, 0xfd, 0xff, 0xc3, 0xec, 0xfd, 0xff, 0xc0, 0xeb, 0xfd, 0xff,
    0xba, 0xe9, 0xfd, 0xff, 0xb2, 0xe6, 0xfd, 0xff, 0xaa, 0xe4, 0xfc, 0xff, 0xa0, 0xe0, 0xfc, 0xff, 0x96, 0xdd, 0xfc, 0xff, 0x8c, 0xd9, 0xfb, 0xff,
    0x53, 0x89, 0xaa, 0xff, 0x13, 0x1e, 0x39, 0xff, 0x14, 0x21, 0x3c, 0xff, 0x14, 0x24, 0x40, 0xff, 0x15, 0x29, 0x46, 0xff, 0x17, 0x2f, 0x4d, 0xff,
    0x19, 0x37, 0x57, 0xff, 0x1b, 0x43, 0x65, 0xff, 0x2d, 0x8e, 0xc0, 0xff, 0x38, 0xbd, 0xf8, 0xff, 0x38, 0xbd, 0xf8, 0xff, 0x38, 0xbd, 0xf8, 0xff,
    0x1e, 0x4c, 0x70, 0xff, 0x1a, 0x3c, 0x5d, 0xff, 0x18, 0x32, 0x51, 0xff, 0x16, 0x2b, 0x49, 0xff, 0x15, 0x26, 0x42, 0xff, 0x14, 0x22, 0x3e, 0xff,
    0x13, 0x1f, 0x3a, 0xff, 0x13, 0x1d, 0x38, 0xff, 0x12, 0x1b, 0x36, 0xff, 0x12, 0x1a, 0x34, 0xff, 0x12, 0x1a, 0x33, 0xff, 0x12, 0x19, 0x33, 0xff,
    0x11, 0x18, 0x32, 0xff, 0x11, 0x19, 0x32, 0xff, 0x12, 0x1a, 0x33, 0xff, 0x12, 0x1b, 0x35, 0xff, 0x12, 0x1c, 0x36, 0xff, 0x13, 0x1e, 0x39, 0xff,
    0x13, 0x21, 0x3c, 0xff, 0x14, 0x25, 0x40, 0xff, 0x15, 0x2a, 0x46, 0xff, 0x17, 0x30, 0x4f, 0xff, 0x19, 0x3a, 0x5a, 0xff, 0x1c, 0x46, 0x69, 0xff,
    0x33, 0xa8, 0xdf, 0xff, 0x38, 0xbd, 0xf8, 0xff, 0x38, 0xbd, 0xf8, 0xff, 0x33, 0xa8, 0xde, 0xff, 0x1c, 0x46, 0x69, 0xff, 0x19, 0x3a, 0x5a, 0xff,
    0x17, 0x31, 0x4f, 0xff, 0x15, 0x2a, 0x47, 0xff, 0x14, 0x25, 0x41, 0xff, 0x13, 0x22, 0x3d, 0xff, 0x13, 0x1f, 0x3a, 0xff, 0x24, 0x3b, 0x57, 0xff,
    0x86, 0xd8, 0xfb, 0xff, 0x90, 0xdb, 0xfb, 0xff, 0x99, 0xde, 0xfc, 0xff, 0xa2, 0xe1, 0xfc, 0xff, 0xaa, 0xe4, 0xfc, 0xff, 0xb0, 0xe6, 0xfd, 0xff,
    0xb5, 0xe7, 0xfd, 0xff, 0xb7, 0xe8, 0xfd, 0xff, 0xb7, 0xe8, 0xfd, 0xff, 0xb5, 0xe7, 0xfd, 0xff, 0xb0, 0xe6, 0xfd, 0xff, 0xaa, 0xe4, 0xfc, 0xff,
    0xa2, 0xe1, 0xfc, 0xff, 0x99, 0xde, 0xfc, 0xff, 0x90, 0xdb, 0xfb, 0xff, 0x86, 0xd8, 0xfb, 0xff, 0x24, 0x3b, 0x57, 0xff, 0x13, 0x1f, 0x3a, 0xff,
    0x13, 0x22, 0x3d, 0xff, 0x14, 0x25, 0x41, 0xff, 0x15, 0x2a, 0x47, 0xff, 0x17, 0x31, 0x4f, 0xff, 0x19, 0x3a, 0x5a, 0xff, 0x1c, 0x46, 0x69, 0xff,
    0x33, 0xa8, 0xde, 0xff, 0x38, 0xbd, 0xf8, 0xff, 0x38, 0xbd, 0xf8, 0xff, 0x33, 0xa8, 0xdf, 0xff, 0x1c, 0x46, 0x69, 0xff, 0x19, 0x3a, 0x5a, 0xff,
    0x17, 0x30, 0x4f, 0xff, 0x15, 0x2a, 0x46, 0xff, 0x14, 0x25, 0x40, 0xff, 0x13, 0x21, 0x3c, 0xff, 0x13, 0x1e, 0x39, 0xff, 0x12, 0x1c, 0x36, 0xff,
    0x12, 0x1b, 0x35, 0xff, 0x12, 0x1a, 0x33, 0xff, 0x11, 0x19, 0x32, 0xff, 0x11, 0x18, 0x32, 0xff, 0x11, 0x18, 0x31, 0xff, 0x11, 0x18, 0x31, 0xff,
    0x11, 0x19, 0x32, 0xff, 0x11, 0x1a, 0x33, 0xff, 0x12, 0x1b, 0x35, 0xff, 0x12, 0x1d, 0x37, 0xff, 0x13, 0x20, 0x3a, 0xff, 0x14, 0x23, 0x3f, 0xff,
    0x15, 0x28, 0x44, 0xff, 0x16, 0x2e, 0x4c, 0xff, 0x18, 0x37, 0x56, 0xff, 0x1b, 0x42, 0x64, 0xff, 0x2d, 0x8d, 0xbe, 0xff, 0x38, 0xbd, 0xf8, 0xff,
    0x38, 0xbd, 0xf8, 0xff, 0x38, 0xbd, 0xf8, 0xff, 0x21, 0x5b, 0x82, 0xff, 0x1a, 0x3d, 0x5e, 0xff, 0x17, 0x33, 0x52, 0xff, 0x16, 0x2c, 0x49, 0xff,
    0x14, 0x27, 0x43, 0xff, 0x13, 0x23, 0x3e, 0xff, 0x13, 0x20, 0x3a, 0xff, 0x12, 0x1d, 0x38, 0xff, 0x47, 0x75, 0x94, 0xff, 0x89, 0xd8, 0xfb, 0xff,
    0x91, 0xdb, 0xfb, 0xff, 0x99, 0xde, 0xfc, 0xff, 0xa0, 0xe0, 0xfc, 0xff, 0xa6, 0xe2, 0xfc, 0xff, 0xaa, 0xe4, 0xfc, 0xff, 0xac, 0xe4, 0xfd, 0xff,
    0xac, 0xe4, 0xfd, 0xff, 0xaa, 0xe4, 0xfc, 0xff, 0xa6, 0xe2, 0xfc, 0xff, 0xa0, 0xe0, 0xfc, 0xff, 0x99, 0xde, 0xfc, 0xff, 0x91, 0xdb, 0xfb, 0xff,
    0x89, 0xd8, 0xfb, 0xff, 0x47, 0x75, 0x94, 0xff, 0x12, 0x1d, 0x38, 0xff, 0x13, 0x20, 0x3a, 0xff, 0x13, 0x23, 0x3e, 0xff, 0x14, 0x27, 0x43, 0xff,
    0x16, 0x2c, 0x49, 0xff, 0x17, 0x33, 0x52, 0xff, 0x1a, 0x3d, 0x5e, 0xff, 0x21, 0x5b, 0x82, 0xff, 0x38, 0xbd, 0xf8, 0xff, 0x38, 0xbd, 0xf8, 0xff,
    0x38, 0xbd, 0xf8, 0xff, 0x2d, 0x8d, 0xbe, 0xff, 0x1b, 0x42, 0x64, 0xff, 0x18, 0x37, 0x56, 0xff, 0x16, 0x2e, 0x4c, 0xff, 0x15, 0x28, 0x44, 0xff,
    0x14, 0x23, 0x3f, 0xff, 0x13, 0x20, 0x3a, 0xff, 0x12, 0x1d, 0x37, 0xff, 0x12, 0x1b, 0x35, 0xff, 0x11, 0x1a, 0x33, 0xff, 0x11, 0x19, 0x32, 0xff,
    0x11, 0x18, 0x31, 0xff, 0x11, 0x18, 0x31, 0xff, 0x11, 0x17, 0x30, 0xff, 0x11, 0x18, 0x30, 0xff, 0x11, 0x18, 0x31, 0xff, 0x11, 0x19, 0x32, 0xff,
    0x11, 0x1b, 0x34, 0xff, 0x12, 0x1c, 0x36, 0xff, 0x12, 0x1f, 0x39, 0xff, 0x13, 0x22, 0x3d, 0xff, 0x14, 0x26, 0x42, 0xff, 0x15, 0x2c, 0x49, 0xff,
    0x17, 0x34, 0x52, 0xff, 0x1a, 0x3e, 0x5f, 0xff, 0x24, 0x6a, 0x94, 0xff, 0x38, 0xbd, 0xf8, 0xff, 0x38, 0xbd, 0xf8, 0xff, 0x38, 0xbd, 0xf8, 0xff,
    0x2b, 0x87, 0xb7, 0xff, 0x1b, 0x42, 0x63, 0xff, 0x18, 0x37, 0x56, 0xff, 0x16, 0x2f, 0x4c, 0xff, 0x15, 0x29, 0x45, 0xff, 0x14, 0x24, 0x40, 0xff,
    0x13, 0x21, 0x3b, 0xff, 0x12, 0x1e, 0x38, 0xff, 0x12, 0x1d, 0x36, 0xff, 0x53, 0x89, 0xa9, 0xff, 0x89, 0xd8, 0xfb, 0xff, 0x90, 0xdb, 0xfb, 0xff,
    0x96, 0xdd, 0xfc, 0xff, 0x9b, 0xdf, 0xfc, 0xff, 0x9e, 0xe0, 0xfc, 0xff, 0xa0, 0xe0, 0xfc, 0xff, 0xa0, 0xe0, 0xfc, 0xff, 0x9e, 0xe0, 0xfc, 0xff,
    0x9b, 0xdf, 0xfc, 0xff, 0x96, 0xdd, 0xfc, 0xff, 0x90, 0xdb, 0xfb, 0xff, 0x89, 0xd8, 0xfb, 0xff, 0x53, 0x89, 0xa9, 0xff, 0x12, 0x1d, 0x36, 0xff,
    0x12, 0x1e, 0x38, 0xff, 0x13, 0x21, 0x3b, 0xff, 0x14, 0x24, 0x40, 0xff, 0x15, 0x29, 0x45, 0xff, 0x16, 0x2f, 0x4c, 0xff, 0x18, 0x37, 0x56, 0xff,
    0x1b, 0x42, 0x63, 0xff, 0x2b, 0x87, 0xb7, 0xff, 0x38, 0xbd, 0xf8, 0xff, 0x38, 0xbd, 0xf8, 0xff, 0x38, 0xbd, 0xf8, 0xff, 0x24, 0x6a, 0x94, 0xff,
    0x1a, 0x3e, 0x5f, 0xff, 0x17, 0x34, 0x52, 0xff, 0x15, 0x2c, 0x49, 0xff, 0x14, 0x26, 0x42, 0xff, 0x13, 0x22, 0x3d, 0xff, 0x12, 0x1f, 0x39, 0xff,
    0x12, 0x1c, 0x36, 0xff, 0x11, 0x1b, 0x34, 0xff, 0x11, 0x19, 0x32, 0xff, 0x11, 0x18, 0x31, 0xff, 0x11, 0x18, 0x30, 0xff, 0x11, 0x17, 0x30, 0xff,
    0x10, 0x17, 0x2f, 0xff, 0x10, 0x17, 0x2f, 0xff, 0x10, 0x18, 0x30, 0xff, 0x11, 0x19, 0x31, 0xff, 0x11, 0x1a, 0x32, 0xff, 0x11, 0x1b, 0x34, 0xff,
    0x12, 0x1e, 0x37, 0xff, 0x12, 0x20, 0x3b, 0xff, 0x13, 0x24, 0x3f, 0xff, 0x15, 0x2a, 0x46, 0xff, 0x16, 0x31, 0x4e, 0xff, 0x19, 0x3a, 0x59, 0xff,
    0x1c, 0x46, 0x68, 0xff, 0x34, 0xad, 0xe5, 0xff, 0x38, 0xbd, 0xf8, 0xff, 0x38, 0xbd, 0xf8, 0xff, 0x36, 0xb4, 0xed, 0xff, 0x1d, 0x4b, 0x6e, 0xff,
    0x19, 0x3c, 0x5b, 0xff, 0x17, 0x33, 0x50, 0xff, 0x15, 0x2c, 0x48, 0xff, 0x14, 0x27, 0x42, 0xff, 0x13, 0x23, 0x3d, 0xff, 0x12, 0x20, 0x3a, 0xff,
    0x12, 0x1e, 0x37, 0xff, 0x11, 0x1c, 0x35, 0xff, 0x46, 0x74, 0x93, 0xff, 0x86, 0xd8, 0xfb, 0xff, 0x8c, 0xd9, 0xfb, 0xff, 0x90, 0xdb, 0xfb, 0xff,
    0x93, 0xdc, 0xfc, 0xff, 0x95, 0xdc, 0xfc, 0xff, 0x95, 0xdc, 0xfc, 0xff, 0x93, 0xdc, 0xfc, 0xff, 0x90, 0xdb, 0xfb, 0xff, 0x8c, 0xd9, 0xfb, 0xff,
    0x86, 0xd8, 0xfb, 0xff, 0x46, 0x74, 0x93, 0xff, 0x11, 0x1c, 0x35, 0xff, 0x12, 0x1e, 0x37, 0xff, 0x12, 0x20, 0x3a, 0xff, 0x13, 0x23, 0x3d, 0xff,
    0x14, 0x27, 0x42, 0xff, 0x15, 0x2c, 0x48, 0xff, 0x17, 0x33, 0x50, 0xff, 0x19, 0x3c, 0x5b, 0xff, 0x1d, 0x4b, 0x6e, 0xff, 0x36, 0xb4, 0xed, 0xff,
    0x38, 0xbd, 0xf8, 0xff, 0x38, 0xbd, 0xf8, 0xff, 0x34, 0xad, 0xe5, 0xff, 0x1c, 0x46, 0x68, 0xff, 0x19, 0x3a, 0x59, 0xff, 0x16, 0x31, 0x4e, 0xff,
    0x15, 0x2a, 0x46, 0xff, 0x13, 0x24, 0x3f, 0xff, 0x12, 0x20, 0x3b, 0xff, 0x12, 0x1e, 0x37, 0xff, 0x11, 0x1b, 0x34, 0xff, 0x11, 0x1a, 0x32, 0xff,
    0x11, 0x19, 0x31, 0xff, 0x10, 0x18, 0x30, 0xff, 0x10, 0x17, 0x2f, 0xff, 0x10, 0x17, 0x2f, 0xff, 0x10, 0x16, 0x2e, 0xff, 0x10, 0x16, 0x2e, 0xff,
    0x10, 0x17, 0x2f, 0xff, 0x10, 0x18, 0x30, 0xff, 0x10, 0x19, 0x31, 0xff, 0x11, 0x1a, 0x33, 0xff, 0x11, 0x1c, 0x35, 0xff, 0x12, 0x1f, 0x38, 0xff,
    0x13, 0x22, 0x3d, 0xff, 0x14, 0x27, 0x42, 0xff, 0x15, 0x2d, 0x4a, 0xff, 0x17, 0x36, 0x54, 0xff, 0x1a, 0x40, 0x61, 0xff, 0x2a, 0x82, 0xb0, 0xff,
    0x38, 0xbd, 0xf8, 0xff, 0x38, 0xbd, 0xf8, 0xff, 0x38, 0xbd, 0xf8, 0xff, 0x2b, 0x87, 0xb7, 0xff, 0x1a, 0x42, 0x63, 0xff, 0x18, 0x38, 0x56, 0xff,
    0x16, 0x30, 0x4d, 0xff, 0x15, 0x2a, 0x46, 0xff, 0x13, 0x25, 0x40, 0xff, 0x13, 0x22, 0x3c, 0xff, 0x12, 0x1f, 0x39, 0xff, 0x12, 0x1e, 0x37, 0xff,
    0x11, 0x1c, 0x35, 0xff, 0x23, 0x39, 0x54, 0xff, 0x53, 0x88, 0xa8, 0xff, 0x7c, 0xc8, 0xeb, 0xff, 0x88, 0xd8, 0xfb, 0xff, 0x89, 0xd8, 0xfb, 0xff,
    0x89, 0xd8, 0xfb, 0xff, 0x88, 0xd8, 0xfb, 0xff, 0x7c, 0xc8, 0xeb, 0xff, 0x53, 0x88, 0xa8, 0xff, 0x23, 0x39, 0x54, 0xff, 0x11, 0x1c, 0x35, 0xff,
    0x12, 0x1e, 0x37, 0xff, 0x12, 0x1f, 0x39, 0xff, 0x13, 0x22, 0x3c, 0xff, 0x13, 0x25, 0x40, 0xff, 0x15, 0x2a, 0x46, 0xff, 0x16, 0x30, 0x4d, 0xff,
    0x18, 0x38, 0x56, 0xff, 0x1a, 0x42, 0x63, 0xff, 0x2b, 0x87, 0xb7, 0xff, 0x38, 0xbd, 0xf8, 0xff, 0x38, 0xbd, 0xf8, 0xff, 0x38, 0xbd, 0xf8, 0xff,
    0x2a, 0x82, 0xb0, 0xff, 0x1a, 0x40, 0x61, 0xff, 0x17, 0x36, 0x54, 0xff, 0x15, 0x2d, 0x4a, 0xff, 0x14, 0x27, 0x42, 0xff, 0x13, 0x22, 0x3d, 0xff,
    0x12, 0x1f, 0x38, 0xff, 0x11, 0x1c, 0x35, 0xff, 0x11, 0x1a, 0x33, 0xff, 0x10, 0x19, 0x31, 0xff, 0x10, 0x18, 0x30, 0xff, 0x10, 0x17, 0x2f, 0xff,
    0x10, 0x16, 0x2e, 0xff, 0x10, 0x16, 0x2e, 0xff, 0x0f, 0x15, 0x2d, 0xff, 0x0f, 0x16, 0x2d, 0xff, 0x10, 0x16, 0x2e, 0xff, 0x10, 0x17, 0x2f, 0xff,
    0x10, 0x18, 0x30, 0xff, 0x10, 0x19, 0x31, 0xff, 0x11, 0x1b, 0x33, 0xff, 0x11, 0x1d, 0x36, 0xff, 0x12, 0x21, 0x3a, 0xff, 0x13, 0x25, 0x3f, 0xff,
    0x14, 0x2a, 0x46, 0xff, 0x16, 0x31, 0x4e, 0xff, 0x18, 0x3b, 0x5a, 0xff, 0x1c, 0x4a, 0x6c, 0xff, 0x36, 0xb3, 0xec, 0xff, 0x38, 0xbd, 0xf8, 0xff,
    0x38, 0xbd, 0xf8, 0xff, 0x38, 0xbd, 0xf8, 0xff, 0x22, 0x62, 0x89, 0xff, 0x19, 0x3e, 0x5e, 0xff, 0x17, 0x35, 0x53, 0xff, 0x15, 0x2e, 0x4b, 0xff,
    0x14, 0x29, 0x44, 0xff, 0x13, 0x25, 0x3f, 0xff, 0x12, 0x22, 0x3c, 0xff, 0x12, 0x20, 0x39, 0xff, 0x11, 0x1e, 0x37, 0xff, 0x11, 0x1d, 0x35, 0xff,
    0x11, 0x1c, 0x34, 0xff, 0x11, 0x1b, 0x33, 0xff, 0x23, 0x39, 0x53, 0xff, 0x2e, 0x4c, 0x68, 0xff, 0x2e, 0x4c, 0x68, 0xff, 0x23, 0x39, 0x53, 0xff,
    0x11, 0x1b, 0x33, 0xff, 0x11, 0x1c, 0x34, 0xff, 0x11, 0x1d, 0x35, 0xff, 0x11, 0x1e, 0x37, 0xff, 0x12, 0x20, 0x39, 0xff, 0x12, 0x22, 0x3c, 0xff,
    0x13, 0x25, 0x3f, 0xff, 0x14, 0x29, 0x44, 0xff, 0x15, 0x2e, 0x4b, 0xff, 0x17, 0x35, 0x53, 0xff, 0x19, 0x3e, 0x5e, 0xff, 0x22, 0x62, 0x89, 0xff,
    0x38, 0xbd, 0xf8, 0xff, 0x38, 0xbd, 0xf8, 0xff, 0x38, 0xbd, 0xf8, 0xff, 0x36, 0xb3, 0xec, 0xff, 0x1c, 0x4a, 0x6c, 0xff, 0x18, 0x3b, 0x5a, 0xff,
    0x16, 0x31, 0x4e, 0xff, 0x14, 0x2a, 0x46, 0xff, 0x13, 0x25, 0x3f, 0xff, 0x12, 0x21, 0x3a, 0xff, 0x11, 0x1d, 0x36, 0xff, 0x11, 0x1b, 0x33, 0xff,
    0x10, 0x19, 0x31, 0xff, 0x10, 0x18, 0x30, 0xff, 0x10, 0x17, 0x2f, 0xff, 0x10, 0x16, 0x2e, 0xff, 0x0f, 0x16, 0x2d, 0xff, 0x0f, 0x15, 0x2d, 0xff,
    0x0f, 0x15, 0x2b, 0xff, 0x0f, 0x15, 0x2c, 0xff, 0x0f, 0x16, 0x2c, 0xff, 0x0f, 0x16, 0x2d, 0xff, 0x10, 0x17, 0x2e, 0xff, 0x10, 0x18, 0x30, 0xff,
    0x10, 0x1a, 0x32, 0xff, 0x11, 0x1c, 0x34, 0xff, 0x11, 0x1f, 0x37, 0xff, 0x12, 0x22, 0x3c, 0xff, 0x13, 0x27, 0x41, 0xff, 0x15, 0x2d, 0x49, 0xff,
    0x17, 0x35, 0x53, 0xff, 0x19, 0x40, 0x60, 0xff, 0x28, 0x7b, 0xa8, 0xff, 0x38, 0xbd, 0xf8, 0xff, 0x38, 0xbd, 0xf8, 0xff, 0x38, 0xbd, 0xf8, 0xff,
    0x33, 0xa7, 0xde, 0xff, 0x1c, 0x4a, 0x6c, 0xff, 0x19, 0x3c, 0x5b, 0xff, 0x17, 0x34, 0x51, 0xff, 0x15, 0x2e, 0x4a, 0xff, 0x14, 0x29, 0x44, 0xff,
    0x13, 0x25, 0x3f, 0xff, 0x12, 0x22, 0x3c, 0xff, 0x12, 0x20, 0x3a, 0xff, 0x11, 0x1f, 0x38, 0xff, 0x11, 0x1e, 0x36, 0xff, 0x11, 0x1d, 0x35, 0xff,
    0x11, 0x1c, 0x35, 0xff, 0x11, 0x1c, 0x34, 0xff, 0x11, 0x1c, 0x34, 0xff, 0x11, 0x1c, 0x35, 0xff, 0x11, 0x1d, 0x35, 0xff, 0x11, 0x1e, 0x36, 0xff,
    0x11, 0x1f, 0x38, 0xff, 0x12, 0x20, 0x3a, 0xff, 0x12, 0x22, 0x3c, 0xff, 0x13, 0x25, 0x3f, 0xff, 0x14, 0x29, 0x44, 0xff, 0x15, 0x2e, 0x4a, 0xff,
    0x17, 0x34, 0x51, 0xff, 0x19, 0x3c, 0x5b, 0xff, 0x1c, 0x4a, 0x6c, 0xff, 0x33, 0xa7, 0xde, 0xff, 0x38, 0xbd, 0xf8, 0xff, 0x38, 0xbd, 0xf8, 0xff,
    0x38, 0xbd, 0xf8, 0xff, 0x28, 0x7b, 0xa8, 0xff, 0x19, 0x40, 0x60, 0xff, 0x17, 0x35, 0x53, 0xff, 0x15, 0x2d, 0x49, 0xff, 0x13, 0x27, 0x41, 0xff,
    0x12, 0x22, 0x3c, 0xff, 0x11, 0x1f, 0x37, 0xff, 0x11, 0x1c, 0x34, 0xff, 0x10, 0x1a, 0x32, 0xff, 0x10, 0x18, 0x30, 0xff, 0x10, 0x17, 0x2e, 0xff,
    0x0f, 0x16, 0x2d, 0xff, 0x0f, 0x16, 0x2c, 0xff, 0x0f, 0x15, 0x2c, 0xff, 0x0f, 0x15, 0x2b, 0xff, 0x0f, 0x14, 0x2a, 0xff, 0x0f, 0x15, 0x2b, 0xff,
    0x0f, 0x15, 0x2b, 0xff, 0x0f, 0x16, 0x2c, 0xff, 0x0f, 0x16, 0x2d, 0xff, 0x0f, 0x17, 0x2e, 0xff, 0x10, 0x19, 0x30, 0xff, 0x10, 0x1a, 0x32, 0xff,
    0x11, 0x1d, 0x35, 0xff, 0x11, 0x20, 0x39, 0xff, 0x12, 0x24, 0x3e, 0xff, 0x14, 0x29, 0x44, 0xff, 0x15, 0x30, 0x4c, 0xff, 0x18, 0x39, 0x57, 0xff,
    0x1a, 0x44, 0x65, 0xff, 0x30, 0x9d, 0xd1, 0xff, 0x38, 0xbd, 0xf8, 0xff, 0x38, 0xbd, 0xf8, 0xff, 0x38, 0xbd, 0xf8, 0xff, 0x2f, 0x9a, 0xce, 0xff,
    0x1b, 0x45, 0x66, 0xff, 0x18, 0x3c, 0x5b, 0xff, 0x16, 0x34, 0x51, 0xff, 0x15, 0x2e, 0x4a, 0xff, 0x14, 0x2a, 0x45, 0xff, 0x13, 0x27, 0x41, 0xff,
    0x12, 0x24, 0x3e, 0xff, 0x12, 0x22, 0x3b, 0xff, 0x12, 0x21, 0x39, 0xff, 0x11, 0x20, 0x38, 0xff, 0x11, 0x1f, 0x37, 0xff, 0x11, 0x1f, 0x37, 0xff,
    0x11, 0x1f, 0x37, 0xff, 0x11, 0x1f, 0x37, 0xff, 0x11, 0x20, 0x38, 0xff, 0x12, 0x21, 0x39, 0xff, 0x12, 0x22, 0x3b, 0xff, 0x12, 0x24, 0x3e, 0xff,
    0x13, 0x27, 0x41, 0xff, 0x14, 0x2a, 0x45, 0xff, 0x15, 0x2e, 0x4a, 0xff, 0x16, 0x34, 0x51, 0xff, 0x18, 0x3c, 0x5b, 0xff, 0x1b, 0x45, 0x66, 0xff,
    0x2f, 0x9a, 0xce, 0xff, 0x38, 0xbd, 0xf8, 0xff, 0x38, 0xbd, 0xf8, 0xff, 0x38, 0xbd, 0xf8, 0xff, 0x30, 0x9d, 0xd1, 0xff, 0x1a, 0x44, 0x65, 0xff,
    0x18, 0x39, 0x57, 0xff, 0x15, 0x30, 0x4c, 0xff, 0x14, 0x29, 0x44, 0xff, 0x12, 0x24, 0x3e, 0xff, 0x11, 0x20, 0x39, 0xff, 0x11, 0x1d, 0x35, 0xff,
    0x10, 0x1a, 0x32, 0xff, 0x10, 0x19, 0x30, 0xff, 0x0f, 0x17, 0x2e, 0xff, 0x0f, 0x16, 0x2d, 0xff, 0x0f, 0x16, 0x2c, 0xff, 0x0f, 0x15, 0x2b, 0xff,
    0x0f, 0x15, 0x2b, 0xff, 0x0f, 0x14, 0x2a, 0xff, 0x0e, 0x14, 0x29, 0xff, 0x0e, 0x14, 0x2a, 0xff, 0x0e, 0x14, 0x2a, 0xff, 0x0f, 0x15, 0x2b, 0xff,
    0x0f, 0x15, 0x2c, 0xff, 0x0f, 0x16, 0x2d, 0xff, 0x0f, 0x18, 0x2e, 0xff, 0x10, 0x19, 0x30, 0xff, 0x10, 0x1b, 0x32, 0xff, 0x11, 0x1e, 0x36, 0xff,
    0x12, 0x21, 0x3a, 0xff, 0x13, 0x26, 0x3f, 0xff, 0x14, 0x2b, 0x46, 0xff, 0x16, 0x33, 0x4f, 0xff, 0x18, 0x3c, 0x5a, 0xff, 0x1f, 0x56, 0x7a, 0xff,
    0x35, 0xb3, 0xec, 0xff, 0x38, 0xbd, 0xf8, 0xff, 0x38, 0xbd, 0xf8, 0xff, 0x38, 0xbd, 0xf8, 0xff, 0x2f, 0x9a, 0xce, 0xff, 0x1b, 0x49, 0x6b, 0xff,
    0x18, 0x3d, 0x5c, 0xff, 0x17, 0x36, 0x53, 0xff, 0x15, 0x31, 0x4d, 0xff, 0x14, 0x2c, 0x47, 0xff, 0x14, 0x29, 0x44, 0xff, 0x13, 0x27, 0x41, 0xff,
    0x12, 0x25, 0x3e, 0xff, 0x12, 0x24, 0x3d, 0xff, 0x12, 0x23, 0x3c, 0xff, 0x12, 0x22, 0x3b, 0xff, 0x12, 0x22, 0x3b, 0xff, 0x12, 0x23, 0x3c, 0xff,
    0x12, 0x24, 0x3d, 0xff, 0x12, 0x25, 0x3e, 0xff, 0x13, 0x27, 0x41, 0xff, 0x14, 0x29, 0x44, 0xff, 0x14, 0x2c, 0x47, 0xff, 0x15, 0x31, 0x4d, 0xff,
    0x17, 0x36, 0x53, 0xff, 0x18, 0x3d, 0x5c, 0xff, 0x1b, 0x49, 0x6b, 0xff, 0x2f, 0x9a, 0xce, 0xff, 0x38, 0xbd, 0xf8, 0xff, 0x38, 0xbd, 0xf8, 0xff,
    0x38, 0xbd, 0xf8, 0xff, 0x35, 0xb3, 0xec, 0xff, 0x1f, 0x56, 0x7a, 0xff, 0x18, 0x3c, 0x5a, 0xff, 0x16, 0x33, 0x4f, 0xff, 0x14, 0x2b, 0x46, 0xff,
    0x13, 0x26, 0x3f, 0xff, 0x12, 0x21, 0x3a, 0xff, 0x11, 0x1e, 0x36, 0xff, 0x10, 0x1b, 0x32, 0xff, 0x10, 0x19, 0x30, 0xff, 0x0f, 0x18, 0x2e, 0xff,
    0x0f, 0x16, 0x2d, 0xff, 0x0f, 0x15, 0x2c, 0xff, 0x0f, 0x15, 0x2b, 0xff, 0x0e, 0x14, 0x2a, 0xff, 0x0e, 0x14, 0x2a, 0xff, 0x0e, 0x14, 0x29, 0xff,
    0x0e, 0x13, 0x28, 0xff, 0x0e, 0x13, 0x29, 0xff, 0x0e, 0x14, 0x29, 0xff, 0x0e, 0x14, 0x2a, 0xff, 0x0e, 0x15, 0x2a, 0xff, 0x0e, 0x15, 0x2b, 0xff,
    0x0f, 0x16, 0x2c, 0xff, 0x0f, 0x18, 0x2e, 0xff, 0x0f, 0x19, 0x30, 0xff, 0x10, 0x1c, 0x33, 0xff, 0x11, 0x1f, 0x36, 0xff, 0x12, 0x22, 0x3b, 0xff,
    0x13, 0x27, 0x41, 0xff, 0x14, 0x2d, 0x48, 0xff, 0x16, 0x34, 0x51, 0xff, 0x18, 0x3e, 0x5d, 0xff, 0x23, 0x68, 0x91, 0xff, 0x38, 0xbd, 0xf8, 0xff,
    0x38, 0xbd, 0xf8, 0xff, 0x38, 0xbd, 0xf8, 0xff, 0x38, 0xbd, 0xf8, 0xff, 0x33, 0xa7, 0xdd, 0xff, 0x21, 0x61, 0x87, 0xff, 0x19, 0x40, 0x5f, 0xff,
    0x17, 0x39, 0x57, 0xff, 0x16, 0x34, 0x51, 0xff, 0x15, 0x30, 0x4c, 0xff, 0x14, 0x2d, 0x48, 0xff, 0x14, 0x2b, 0x45, 0xff, 0x13, 0x29, 0x43, 0xff,
    0x13, 0x28, 0x42, 0xff, 0x13, 0x28, 0x41, 0xff, 0x13, 0x28, 0x41, 0xff, 0x13, 0x28, 0x42, 0xff, 0x13, 0x29, 0x43, 0xff, 0x14, 0x2b, 0x45, 0xff,
    0x14, 0x2d, 0x48, 0xff, 0x15, 0x30, 0x4c, 0xff, 0x16, 0x34, 0x51, 0xff, 0x17, 0x39, 0x57, 0xff, 0x19, 0x40, 0x5f, 0xff, 0x21, 0x61, 0x87, 0xff,
    0x33, 0xa7, 0xdd, 0xff, 0x38, 0xbd, 0xf8, 0xff, 0x38, 0xbd, 0xf8, 0xff, 0x38, 0xbd, 0xf8, 0xff, 0x38, 0xbd, 0xf8, 0xff, 0x23, 0x68, 0x91, 0xff,
    0x18, 0x3e, 0x5d, 0xff, 0x16, 0x34, 0x51, 0xff, 0x14, 0x2d, 0x48, 0xff, 0x13, 0x27, 0x41, 0xff, 0x12, 0x22, 0x3b, 0xff, 0x11, 0x1f, 0x36, 0xff,
    0x10, 0x1c, 0x33, 0xff, 0x0f, 0x19, 0x30, 0xff, 0x0f, 0x18, 0x2e, 0xff, 0x0f, 0x16, 0x2c, 0xff, 0x0e, 0x15, 0x2b, 0xff, 0x0e, 0x15, 0x2a, 0xff,
    0x0e, 0x14, 0x2a, 0xff, 0x0e, 0x14, 0x29, 0xff, 0x0e, 0x13, 0x29, 0xff, 0x0e, 0x13, 0x28, 0xff, 0x0d, 0x12, 0x27, 0xff, 0x0e, 0x13, 0x28, 0xff,
    0x0e, 0x13, 0x28, 0xff, 0x0e, 0x13, 0x28, 0xff, 0x0e, 0x14, 0x29, 0xff, 0x0e, 0x14, 0x2a, 0xff, 0x0e, 0x15, 0x2b, 0xff, 0x0e, 0x16, 0x2c, 0xff,
    0x0f, 0x18, 0x2e, 0xff, 0x0f, 0x1a, 0x30, 0xff, 0x10, 0x1c, 0x33, 0xff, 0x11, 0x1f, 0x37, 0xff, 0x12, 0x23, 0x3c, 0xff, 0x13, 0x28, 0x42, 0xff,
    0x14, 0x2e, 0x49, 0xff, 0x16, 0x36, 0x52, 0xff, 0x19, 0x3f, 0x5e, 0xff, 0x24, 0x6e, 0x98, 0xff, 0x38, 0xbd, 0xf8, 0xff, 0x38, 0xbd, 0xf8, 0xff,
    0x38, 0xbd, 0xf8, 0xff, 0x38, 0xbd, 0xf8, 0xff, 0x38, 0xbd, 0xf8, 0xff, 0x2a, 0x86, 0xb5, 0xff, 0x1b, 0x48, 0x69, 0xff, 0x19, 0x3f, 0x5e, 0xff,
    0x17, 0x3a, 0x57, 0xff, 0x16, 0x36, 0x53, 0xff, 0x16, 0x33, 0x4f, 0xff, 0x15, 0x31, 0x4d, 0xff, 0x15, 0x30, 0x4b, 0xff, 0x15, 0x2f, 0x4a, 0xff,
    0x15, 0x2f, 0x4a, 0xff, 0x15, 0x30, 0x4b, 0xff, 0x15, 0x31, 0x4d, 0xff, 0x16, 0x33, 0x4f, 0xff, 0x16, 0x36, 0x53, 0xff, 0x17, 0x3a, 0x57, 0xff,
    0x19, 0x3f, 0x5e, 0xff, 0x1b, 0x48, 0x69, 0xff, 0x2a, 0x86, 0xb5, 0xff, 0x38, 0xbd, 0xf8, 0xff, 0x38, 0xbd, 0xf8, 0xff, 0x38, 0xbd, 0xf8, 0xff,
    0x38, 0xbd, 0xf8, 0xff, 0x38, 0xbd, 0xf8, 0xff, 0x24, 0x6e, 0x98, 0xff, 0x19, 0x3f, 0x5e, 0xff, 0x16, 0x36, 0x52, 0xff, 0x14, 0x2e, 0x49, 0xff,
    0x13, 0x28, 0x42, 0xff, 0x12, 0x23, 0x3c, 0xff, 0x11, 0x1f, 0x37, 0xff, 0x10, 0x1c, 0x33, 0xff, 0x0f, 0x1a, 0x30, 0xff, 0x0f, 0x18, 0x2e, 0xff,
    0x0e, 0x16, 0x2c, 0xff, 0x0e, 0x15, 0x2b, 0xff, 0x0e, 0x14, 0x2a, 0xff, 0x0e, 0x14, 0x29, 0xff, 0x0e, 0x13, 0x28, 0xff, 0x0e, 0x13, 0x28, 0xff,
    0x0e, 0x13, 0x28, 0xff, 0x0d, 0x12, 0x27, 0xff, 0x0d, 0x12, 0x26, 0xff, 0x0d, 0x12, 0x26, 0xff, 0x0d, 0x12, 0x27, 0xff, 0x0d, 0x13, 0x27, 0xff,
    0x0d, 0x13, 0x28, 0xff, 0x0e, 0x14, 0x28, 0xff, 0x0e, 0x14, 0x29, 0xff, 0x0e, 0x15, 0x2a, 0xff, 0x0e, 0x16, 0x2c, 0xff, 0x0f, 0x18, 0x2e, 0xff,
    0x0f, 0x1a, 0x30, 0xff, 0x10, 0x1c, 0x33, 0xff, 0x11, 0x20, 0x37, 0xff, 0x12, 0x23, 0x3c, 0xff, 0x13, 0x28, 0x42, 0xff, 0x14, 0x2e, 0x49, 0xff,
    0x16, 0x36, 0x52, 0xff, 0x18, 0x3f, 0x5d, 0xff, 0x23, 0x68, 0x90, 0xff, 0x35, 0xb3, 0xeb, 0xff, 0x38, 0xbd, 0xf8, 0xff, 0x38, 0xbd, 0xf8, 0xff,
    0x38, 0xbd, 0xf8, 0xff, 0x38, 0xbd, 0xf8, 0xff, 0x36, 0xb4, 0xed, 0xff, 0x2a, 0x86, 0xb5, 0xff, 0x1f, 0x58, 0x7d, 0xff, 0x19, 0x42, 0x61, 0xff,
    0x18, 0x3e, 0x5d, 0xff, 0x18, 0x3c, 0x5a, 0xff, 0x17, 0x3a, 0x58, 0xff, 0x17, 0x39, 0x57, 0xff, 0x17, 0x39, 0x57, 0xff, 0x17, 0x3a, 0x58, 0xff,
    0x18, 0x3c, 0x5a, 0xff, 0x18, 0x3e, 0x5d, 0xff, 0x19, 0x42, 0x61, 0xff, 0x1f, 0x58, 0x7d, 0xff, 0x2a, 0x86, 0xb5, 0xff, 0x36, 0xb4, 0xed, 0xff,
    0x38, 0xbd, 0xf8, 0xff, 0x38, 0xbd, 0xf8, 0xff, 0x38, 0xbd, 0xf8, 0xff, 0x38, 0xbd, 0xf8, 0xff, 0x35, 0xb3, 0xeb, 0xff, 0x23, 0x68, 0x90, 0xff,
    0x18, 0x3f, 0x5d, 0xff, 0x16, 0x36, 0x52, 0xff, 0x14, 0x2e, 0x49, 0xff, 0x13, 0x28, 0x42, 0xff, 0x12, 0x23, 0x3c, 0xff, 0x11, 0x20, 0x37, 0xff,
    0x10, 0x1c, 0x33, 0xff, 0x0f, 0x1a, 0x30, 0xff, 0x0f, 0x18, 0x2e, 0xff, 0x0e, 0x16, 0x2c, 0xff, 0x0e, 0x15, 0x2a, 0xff, 0x0e, 0x14, 0x29, 0xff,
    0x0e, 0x14, 0x28, 0xff, 0x0d, 0x13, 0x28, 0xff, 0x0d, 0x13, 0x27, 0xff, 0x0d, 0x12, 0x27, 0xff, 0x0d, 0x12, 0x26, 0xff, 0x0d, 0x12, 0x26, 0xff,
    0x0d, 0x11, 0x25, 0xff, 0x0d, 0x11, 0x25, 0xff, 0x0d, 0x12, 0x26, 0xff, 0x0d, 0x12, 0x26, 0xff, 0x0d, 0x12, 0x26, 0xff, 0x0d, 0x13, 0x27, 0xff,
    0x0d, 0x13, 0x28, 0xff, 0x0d, 0x14, 0x29, 0xff, 0x0e, 0x15, 0x2a, 0xff, 0x0e, 0x16, 0x2b, 0xff, 0x0e, 0x18, 0x2d, 0xff, 0x0f, 0x1a, 0x30, 0xff,
    0x10, 0x1d, 0x33, 0xff, 0x10, 0x20, 0x37, 0xff, 0x11, 0x24, 0x3c, 0xff, 0x12, 0x28, 0x41, 0xff, 0x14, 0x2e, 0x48, 0xff, 0x16, 0x35, 0x51, 0xff,
    0x18, 0x3d, 0x5b, 0xff, 0x1e, 0x55, 0x78, 0xff, 0x30, 0x9c, 0xd0, 0xff, 0x38, 0xbd, 0xf8, 0xff, 0x38, 0xbd, 0xf8, 0xff, 0x38, 0xbd, 0xf8, 0xff,
    0x38, 0xbd, 0xf8, 0xff, 0x38, 0xbd, 0xf8, 0xff, 0x38, 0xbd, 0xf8, 0xff, 0x32, 0xa7, 0xdd, 0xff, 0x2c, 0x8d, 0xbc, 0xff, 0x26, 0x77, 0xa2, 0xff,
    0x23, 0x68, 0x90, 0xff, 0x21, 0x60, 0x86, 0xff, 0x21, 0x60, 0x86, 0xff, 0x23, 0x68, 0x90, 0xff, 0x26, 0x77, 0xa2, 0xff, 0x2c, 0x8d, 0xbc, 0xff,
    0x32, 0xa7, 0xdd, 0xff, 0x38, 0xbd, 0xf8, 0xff, 0x38, 0xbd, 0xf8, 0xff, 0x38, 0xbd, 0xf8, 0xff, 0x38, 0xbd, 0xf8, 0xff, 0x38, 0xbd, 0xf8, 0xff,
    0x38, 0xbd, 0xf8, 0xff, 0x30, 0x9c, 0xd0, 0xff, 0x1e, 0x55, 0x78, 0xff, 0x18, 0x3d, 0x5b, 0xff, 0x16, 0x35, 0x51, 0xff, 0x14, 0x2e, 0x48, 0xff,
    0x12, 0x28, 0x41, 0xff, 0x11, 0x24, 0x3c, 0xff, 0x10, 0x20, 0x37, 0xff, 0x10, 0x1d, 0x33, 0xff, 0x0f, 0x1a, 0x30, 0xff, 0x0e, 0x18, 0x2d, 0xff,
    0x0e, 0x16, 0x2b, 0xff, 0x0e, 0x15, 0x2a, 0xff, 0x0d, 0x14, 0x29, 0xff, 0x0d, 0x13, 0x28, 0xff, 0x0d, 0x13, 0x27, 0xff, 0x0d, 0x12, 0x26, 0xff,
    0x0d, 0x12, 0x26, 0xff, 0x0d, 0x12, 0x26, 0xff, 0x0d, 0x11, 0x25, 0xff, 0x0d, 0x11, 0x25, 0xff, 0x0c, 0x11, 0x24, 0xff, 0x0c, 0x11, 0x24, 0xff,
    0x0c, 0x11, 0x25, 0xff, 0x0c, 0x11, 0x25, 0xff, 0x0d, 0x12, 0x25, 0xff, 0x0d, 0x12, 0x26, 0xff, 0x0d, 0x12, 0x26, 0xff, 0x0d, 0x13, 0x27, 0xff,
    0x0d, 0x14, 0x28, 0xff, 0x0d, 0x15, 0x29, 0xff, 0x0e, 0x16, 0x2b, 0xff, 0x0e, 0x18, 0x2d, 0xff, 0x0f, 0x1a, 0x2f, 0xff, 0x0f, 0x1c, 0x32, 0xff,
    0x10, 0x1f, 0x36, 0xff, 0x11, 0x23, 0x3b, 0xff, 0x12, 0x28, 0x40, 0xff, 0x13, 0x2d, 0x47, 0xff, 0x15, 0x33, 0x4e, 0xff, 0x17, 0x3a, 0x57, 0xff,
    0x19, 0x42, 0x61, 0xff, 0x27, 0x7a, 0xa6, 0xff, 0x35, 0xb3, 0xeb, 0xff, 0x38, 0xbd, 0xf8, 0xff, 0x38, 0xbd, 0xf8, 0xff, 0x38, 0xbd, 0xf8, 0xff,
    0x38, 0xbd, 0xf8, 0xff, 0x38, 0xbd, 0xf8, 0xff, 0x38, 0xbd, 0xf8, 0xff, 0x38, 0xbd, 0xf8, 0xff, 0x38, 0xbd, 0xf8, 0xff, 0x38, 0xbd, 0xf8, 0xff,
    0x38, 0xbd, 0xf8, 0xff, 0x38, 0xbd, 0xf8, 0xff, 0x38, 0xbd, 0xf8, 0xff, 0x38, 0xbd, 0xf8, 0xff, 0x38, 0xbd, 0xf8, 0xff, 0x38, 0xbd, 0xf8, 0xff,
    0x38, 0xbd, 0xf8, 0xff, 0x38, 0xbd, 0xf8, 0xff, 0x38, 0xbd, 0xf8, 0xff, 0x35, 0xb3, 0xeb, 0xff, 0x27, 0x7a, 0xa6, 0xff, 0x19, 0x42, 0x61, 0xff,
    0x17, 0x3a, 0x57, 0xff, 0x15, 0x33, 0x4e, 0xff, 0x13, 0x2d, 0x47, 0xff, 0x12, 0x28, 0x40, 0xff, 0x11, 0x23, 0x3b, 0xff, 0x10, 0x1f, 0x36, 0xff,
    0x0f, 0x1c, 0x32, 0xff, 0x0f, 0x1a, 0x2f, 0xff, 0x0e, 0x18, 0x2d, 0xff, 0x0e, 0x16, 0x2b, 0xff, 0x0d, 0x15, 0x29, 0xff, 0x0d, 0x14, 0x28, 0xff,
    0x0d, 0x13, 0x27, 0xff, 0x0d, 0x12, 0x26, 0xff, 0x0d, 0x12, 0x26, 0xff, 0x0d, 0x12, 0x25, 0xff, 0x0c, 0x11, 0x25, 0xff, 0x0c, 0x11, 0x25, 0xff,
    0x0c, 0x11, 0x24, 0xff, 0x0c, 0x11, 0x24, 0xff, 0x0c, 0x10, 0x23, 0xf8, 0x0c, 0x10, 0x23, 0xff, 0x0c, 0x10, 0x23, 0xff, 0x0c, 0x11, 0x24, 0xff,
    0x0c, 0x11, 0x24, 0xff, 0x0c, 0x11, 0x24, 0xff, 0x0c, 0x12, 0x25, 0xff, 0x0c, 0x12, 0x26, 0xff, 0x0d, 0x13, 0x26, 0xff, 0x0d, 0x14, 0x27, 0xff,
    0x0d, 0x15, 0x29, 0xff, 0x0d, 0x16, 0x2a, 0xff, 0x0e, 0x18, 0x2c, 0xff, 0x0e, 0x1a, 0x2f, 0xff, 0x0f, 0x1c, 0x32, 0xff, 0x10, 0x1f, 0x35, 0xff,
    0x11, 0x22, 0x39, 0xff, 0x12, 0x26, 0x3e, 0xff, 0x13, 0x2b, 0x44, 0xff, 0x14, 0x30, 0x4b, 0xff, 0x16, 0x36, 0x52, 0xff, 0x17, 0x3d, 0x5a, 0xff,
    0x1a, 0x47, 0x66, 0xff, 0x28, 0x80, 0xad, 0xff, 0x34, 0xad, 0xe4, 0xff, 0x38, 0xbd, 0xf8, 0xff, 0x38, 0xbd, 0xf8, 0xff, 0x38, 0xbd, 0xf8, 0xff,
    0x38, 0xbd, 0xf8, 0xff, 0x38, 0xbd, 0xf8, 0xff, 0x38, 0xbd, 0xf8, 0xff, 0x38, 0xbd, 0xf8, 0xff, 0x38, 0xbd, 0xf8, 0xff, 0x38, 0xbd, 0xf8, 0xff,
    0x38, 0xbd, 0xf8, 0xff, 0x38, 0xbd, 0xf8, 0xff, 0x38, 0xbd, 0xf8, 0xff, 0x38, 0xbd, 0xf8, 0xff, 0x38, 0xbd, 0xf8, 0xff, 0x34, 0xad, 0xe4, 0xff,
    0x28, 0x80, 0xad, 0xff, 0x1a, 0x47, 0x66, 0xff, 0x17, 0x3d, 0x5a, 0xff, 0x16, 0x36, 0x52, 0xff, 0x14, 0x30, 0x4b, 0xff, 0x13, 0x2b, 0x44, 0xff,
    0x12, 0x26, 0x3e, 0xff, 0x11, 0x22, 0x39, 0xff, 0x10, 0x1f, 0x35, 0xff, 0x0f, 0x1c, 0x32, 0xff, 0x0e, 0x1a, 0x2f, 0xff, 0x0e, 0x18, 0x2c, 0xff,
    0x0d, 0x16, 0x2a, 0xff, 0x0d, 0x15, 0x29, 0xff, 0x0d, 0x14, 0x27, 0xff, 0x0d, 0x13, 0x26, 0xff, 0x0c, 0x12, 0x26, 0xff, 0x0c, 0x12, 0x25, 0xff,
    0x0c, 0x11, 0x24, 0xff, 0x0c, 0x11, 0x24, 0xff, 0x0c, 0x11, 0x24, 0xff, 0x0c, 0x10, 0x23, 0xff, 0x0c, 0x10, 0x23, 0xff, 0x0c, 0x10, 0x23, 0xf8,
    0x0c, 0x10, 0x22, 0xde, 0x0c, 0x10, 0x22, 0xff, 0x0c, 0x10, 0x22, 0xff, 0x0c, 0x10, 0x23, 0xff, 0x0c, 0x10, 0x23, 0xff, 0x0c, 0x10, 0x23, 0xff,
    0x0c, 0x11, 0x24, 0xff, 0x0c, 0x11, 0x24, 0xff, 0x0c, 0x12, 0x25, 0xff, 0x0c, 0x12, 0x26, 0xff, 0x0d, 0x13, 0x27, 0xff, 0x0d, 0x14, 0x28, 0xff,
    0x0d, 0x16, 0x29, 0xff, 0x0d, 0x17, 0x2b, 0xff, 0x0e, 0x19, 0x2e, 0xff, 0x0f, 0x1b, 0x30, 0xff, 0x0f, 0x1e, 0x34, 0xff, 0x10, 0x21, 0x37, 0xff,
    0x11, 0x24, 0x3c, 0xff, 0x12, 0x28, 0x41, 0xff, 0x13, 0x2d, 0x46, 0xff, 0x14, 0x32, 0x4c, 0xff, 0x16, 0x37, 0x53, 0xff, 0x17, 0x3c, 0x59, 0xff,
    0x19, 0x42, 0x60, 0xff, 0x22, 0x67, 0x8e, 0xff, 0x2b, 0x8b, 0xbb, 0xff, 0x32, 0xa7, 0xdd, 0xff, 0x38, 0xbd, 0xf8, 0xff, 0x38, 0xbd, 0xf8, 0xff,
    0x38, 0xbd, 0xf8, 0xff, 0x38, 0xbd, 0xf8, 0xff, 0x38, 0xbd, 0xf8, 0xff, 0x38, 0xbd, 0xf8, 0xff, 0x38, 0xbd, 0xf8, 0xff, 0x38, 0xbd, 0xf8, 0xff,
    0x32, 0xa7, 0xdd, 0xff, 0x2b, 0x8b, 0xbb, 0xff, 0x22, 0x67, 0x8e, 0xff, 0x19, 0x42, 0x60, 0xff, 0x17, 0x3c, 0x59, 0xff, 0x16, 0x37, 0x53, 0xff,
    0x14, 0x32, 0x4c, 0xff, 0x13, 0x2d, 0x46, 0xff, 0x12, 0x28, 0x41, 0xff, 0x11, 0x24, 0x3c, 0xff, 0x10, 0x21, 0x37, 0xff, 0x0f, 0x1e, 0x34, 0xff,
    0x0f, 0x1b, 0x30, 0xff, 0x0e, 0x19, 0x2e, 0xff, 0x0d, 0x17, 0x2b, 0xff, 0x0d, 0x16, 0x29, 0xff, 0x0d, 0x14, 0x28, 0xff, 0x0d, 0x13, 0x27, 0xff,
    0x0c, 0x12, 0x26, 0xff, 0x0c, 0x12, 0x25, 0xff, 0x0c, 0x11, 0x24, 0xff, 0x0c, 0x11, 0x24, 0xff, 0x0c, 0x10, 0x23, 0xff, 0x0c, 0x10, 0x23, 0xff,
    0x0c, 0x10, 0x23, 0xff, 0x0c, 0x10, 0x22, 0xff, 0x0c, 0x10, 0x22, 0xff, 0x0c, 0x10, 0x22, 0xde, 0x0b, 0x0f, 0x21, 0xb3, 0x0b, 0x0f, 0x21, 0xff,
    0x0b, 0x0f, 0x21, 0xff, 0x0b, 0x0f, 0x22, 0xff, 0x0b, 0x10, 0x22, 0xff, 0x0b, 0x10, 0x22, 0xff, 0x0b, 0x10, 0x22, 0xff, 0x0c, 0x10, 0x23, 0xff,
    0x0c, 0x11, 0x23, 0xff, 0x0c, 0x11, 0x24, 0xff, 0x0c, 0x12, 0x25, 0xff, 0x0c, 0x13, 0x26, 0xff, 0x0c, 0x14, 0x27, 0xff, 0x0d, 0x15, 0x28, 0xff,
    0x0d, 0x16, 0x2a, 0xff, 0x0e, 0x18, 0x2c, 0xff, 0x0e, 0x1a, 0x2f, 0xff, 0x0f, 0x1c, 0x32, 0xff, 0x0f, 0x1f, 0x35, 0xff, 0x10, 0x22, 0x39, 0xff,
    0x11, 0x25, 0x3d, 0xff, 0x12, 0x29, 0x41, 0xff, 0x13, 0x2d, 0x46, 0xff, 0x14, 0x31, 0x4b, 0xff, 0x15, 0x35, 0x50, 0xff, 0x16, 0x39, 0x55, 0xff,
    0x17, 0x3d, 0x5a, 0xff, 0x18, 0x40, 0x5e, 0xff, 0x19, 0x46, 0x65, 0xff, 0x1e, 0x5a, 0x7d, 0xff, 0x22, 0x67, 0x8d, 0xff, 0x23, 0x6d, 0x95, 0xff,
    0x23, 0x6d, 0x95, 0xff, 0x22, 0x67, 0x8d, 0xff, 0x1e, 0x5a, 0x7d, 0xff, 0x19, 0x46, 0x65, 0xff, 0x18, 0x40, 0x5e, 0xff, 0x17, 0x3d, 0x5a, 0xff,
    0x16, 0x39, 0x55, 0xff, 0x15, 0x35, 0x50, 0xff, 0x14, 0x31, 0x4b, 0xff, 0x13, 0x2d, 0x46, 0xff, 0x12, 0x29, 0x41, 0xff, 0x11, 0x25, 0x3d, 0xff,
    0x10, 0x22, 0x39, 0xff, 0x0f, 0x1f, 0x35, 0xff, 0x0f, 0x1c, 0x32, 0xff, 0x0e, 0x1a, 0x2f, 0xff, 0x0e, 0x18, 0x2c, 0xff, 0x0d, 0x16, 0x2a, 0xff,
    0x0d, 0x15, 0x28, 0xff, 0x0c, 0x14, 0x27, 0xff, 0x0c, 0x13, 0x26, 0xff, 0x0c, 0x12, 0x25, 0xff, 0x0c, 0x11, 0x24, 0xff, 0x0c, 0x11, 0x23, 0xff,
    0x0c, 0x10, 0x23, 0xff, 0x0b, 0x10, 0x22, 0xff, 0x0b, 0x10, 0x22, 0xff, 0x0b, 0x10, 0x22, 0xff, 0x0b, 0x0f, 0x22, 0xff, 0x0b, 0x0f, 0x21, 0xff,
    0x0b, 0x0f, 0x21, 0xff, 0x0b, 0x0f, 0x21, 0xb3, 0x0b, 0x0e, 0x20, 0x76, 0x0b, 0x0f, 0x20, 0xff, 0x0b, 0x0f, 0x20, 0xff, 0x0b, 0x0f, 0x20, 0xff,
    0x0b, 0x0f, 0x21, 0xff, 0x0b, 0x0f, 0x21, 0xff, 0x0b, 0x0f, 0x21, 0xff, 0x0b, 0x10, 0x21, 0xff, 0x0b, 0x10, 0x22, 0xff, 0x0b, 0x10, 0x22, 0xff,
    0x0b, 0x11, 0x23, 0xff, 0x0c, 0x12, 0x24, 0xff, 0x0c, 0x12, 0x25, 0xff, 0x0c, 0x13, 0x26, 0xff, 0x0c, 0x14, 0x27, 0xff, 0x0d, 0x16, 0x29, 0xff,
    0x0d, 0x17, 0x2b, 0xff, 0x0e, 0x19, 0x2d, 0xff, 0x0e, 0x1b, 0x2f, 0xff, 0x0f, 0x1d, 0x32, 0xff, 0x0f, 0x1f, 0x35, 0xff, 0x10, 0x22, 0x38, 0xff,
    0x11, 0x25, 0x3c, 0xff, 0x11, 0x28, 0x3f, 0xff, 0x12, 0x2b, 0x43, 0xff, 0x13, 0x2e, 0x47, 0xff, 0x14, 0x30, 0x4a, 0xff, 0x14, 0x33, 0x4d, 0xff,
    0x15, 0x35, 0x50, 0xff, 0x15, 0x37, 0x52, 0xff, 0x16, 0x38, 0x53, 0xff, 0x16, 0x38, 0x54, 0xff, 0x16, 0x38, 0x54, 0xff, 0x16, 0x38, 0x53, 0xff,
    0x15, 0x37, 0x52, 0xff, 0x15, 0x35, 0x50, 0xff, 0x14, 0x33, 0x4d, 0xff, 0x14, 0x30, 0x4a, 0xff, 0x13, 0x2e, 0x47, 0xff, 0x12, 0x2b, 0x43, 0xff,
    0x11, 0x28, 0x3f, 0xff, 0x11, 0x25, 0x3c, 0xff, 0x10, 0x22, 0x38, 0xff, 0x0f, 0x1f, 0x35, 0xff, 0x0f, 0x1d, 0x32, 0xff, 0x0e, 0x1b, 0x2f, 0xff,
    0x0e, 0x19, 0x2d, 0xff, 0x0d, 0x17, 0x2b, 0xff, 0x0d, 0x16, 0x29, 0xff, 0x0c, 0x14, 0x27, 0xff, 0x0c, 0x13, 0x26, 0xff, 0x0c, 0x12, 0x25, 0xff,
    0x0c, 0x12, 0x24, 0xff, 0x0b, 0x11, 0x23, 0xff, 0x0b, 0x10, 0x22, 0xff, 0x0b, 0x10, 0x22, 0xff, 0x0b, 0x10, 0x21, 0xff, 0x0b, 0x0f, 0x21, 0xff,
    0x0b, 0x0f, 0x21, 0xff, 0x0b, 0x0f, 0x21, 0xff, 0x0b, 0x0f, 0x20, 0xff, 0x0b, 0x0f, 0x20, 0xff, 0x0b, 0x0f, 0x20, 0xff, 0x0b, 0x0e, 0x20, 0x76,
    0x0a, 0x0e, 0x1f, 0x29, 0x0a, 0x0e, 0x1f, 0xff, 0x0a, 0x0e, 0x1f, 0xff, 0x0b, 0x0e, 0x1f, 0xff, 0x0b, 0x0e, 0x20, 0xff, 0x0b, 0x0e, 0x20, 0xff,
    0x0b, 0x0f, 0x20, 0xff, 0x0b, 0x0f, 0x20, 0xff, 0x0b, 0x0f, 0x21, 0xff, 0x0b, 0x0f, 0x21, 0xff, 0x0b, 0x10, 0x22, 0xff, 0x0b, 0x10, 0x22, 0xff,
    0x0b, 0x11, 0x23, 0xff, 0x0b, 0x12, 0x24, 0xff, 0x0c, 0x13, 0x25, 0xff, 0x0c, 0x13, 0x26, 0xff, 0x0c, 0x15, 0x27, 0xff, 0x0d, 0x16, 0x29, 0xff,
    0x0d, 0x17, 0x2b, 0xff, 0x0d, 0x19, 0x2d, 0xff, 0x0e, 0x1b, 0x2f, 0xff, 0x0e, 0x1d, 0x31, 0xff, 0x0f, 0x1f, 0x34, 0xff, 0x0f, 0x21, 0x37, 0xff,
    0x10, 0x23, 0x39, 0xff, 0x10, 0x25, 0x3c, 0xff, 0x11, 0x27, 0x3e, 0xff, 0x11, 0x29, 0x40, 0xff, 0x12, 0x2a, 0x42, 0xff, 0x12, 0x2b, 0x44, 0xff,
    0x12, 0x2c, 0x45, 0xff, 0x12, 0x2d, 0x45, 0xff, 0x12, 0x2d, 0x45, 0xff, 0x12, 0x2c, 0x45, 0xff, 0x12, 0x2b, 0x44, 0xff, 0x12, 0x2a, 0x42, 0xff,
    0x11, 0x29, 0x40, 0xff, 0x11, 0x27, 0x3e, 0xff, 0x10, 0x25, 0x3c, 0xff, 0x10, 0x23, 0x39, 0xff, 0x0f, 0x21, 0x37, 0xff, 0x0f, 0x1f, 0x34, 0xff,
    0x0e, 0x1d, 0x31, 0xff, 0x0e, 0x1b, 0x2f, 0xff, 0x0d, 0x19, 0x2d, 0xff, 0x0d, 0x17, 0x2b, 0xff, 0x0d, 0x16, 0x29, 0xff, 0x0c, 0x15, 0x27, 0xff,
    0x0c, 0x13, 0x26, 0xff, 0x0c, 0x13, 0x25, 0xff, 0x0b, 0x12, 0x24, 0xff, 0x0b, 0x11, 0x23, 0xff, 0x0b, 0x10, 0x22, 0xff, 0x0b, 0x10, 0x22, 0xff,
    0x0b, 0x0f, 0x21, 0xff, 0x0b, 0x0f, 0x21, 0xff, 0x0b, 0x0f, 0x20, 0xff, 0x0b, 0x0f, 0x20, 0xff, 0x0b, 0x0e, 0x20, 0xff, 0x0b, 0x0e, 0x20, 0xff,
    0x0b, 0x0e, 0x1f, 0xff, 0x0a, 0x0e, 0x1f, 0xff, 0x0a, 0x0e, 0x1f, 0xff, 0x0a, 0x0e, 0x1f, 0x29, 0x0a, 0x0d, 0x1e, 0x00, 0x0a, 0x0d, 0x1e, 0xb6,
    0x0a, 0x0e, 0x1e, 0xff, 0x0a, 0x0e, 0x1e, 0xff, 0x0a, 0x0e, 0x1f, 0xff, 0x0a, 0x0e, 0x1f, 0xff, 0x0a, 0x0e, 0x1f, 0xff, 0x0a, 0x0e, 0x1f, 0xff,
    0x0a, 0x0e, 0x1f, 0xff, 0x0a, 0x0f, 0x20, 0xff, 0x0a, 0x0f, 0x20, 0xff, 0x0b, 0x0f, 0x21, 0xff, 0x0b, 0x10, 0x21, 0xff, 0x0b, 0x10, 0x22, 0xff,
    0x0b, 0x11, 0x23, 0xff, 0x0b, 0x12, 0x24, 0xff, 0x0b, 0x13, 0x25, 0xff, 0x0c, 0x14, 0x26, 0xff, 0x0c, 0x15, 0x27, 0xff, 0x0c, 0x16, 0x29, 0xff,
    0x0d, 0x17, 0x2a, 0xff, 0x0d, 0x19, 0x2c, 0xff, 0x0d, 0x1a, 0x2e, 0xff, 0x0e, 0x1c, 0x30, 0xff, 0x0e, 0x1d, 0x32, 0xff, 0x0f, 0x1f, 0x33, 0xff,
    0x0f, 0x20, 0x35, 0xff, 0x0f, 0x21, 0x37, 0xff, 0x10, 0x22, 0x38, 0xff, 0x10, 0x23, 0x39, 0xff, 0x10, 0x24, 0x3a, 0xff, 0x10, 0x24, 0x3a, 0xff,
    0x10, 0x24, 0x3a, 0xff, 0x10, 0x24, 0x3a, 0xff, 0x10, 0x23, 0x39, 0xff, 0x10, 0x22, 0x38, 0xff, 0x0f, 0x21, 0x37, 0xff, 0x0f, 0x20, 0x35, 0xff,
    0x0f, 0x1f, 0x33, 0xff, 0x0e, 0x1d, 0x32, 0xff, 0x0e, 0x1c, 0x30, 0xff, 0x0d, 0x1a, 0x2e, 0xff, 0x0d, 0x19, 0x2c, 0xff, 0x0d, 0x17, 0x2a, 0xff,
    0x0c, 0x16, 0x29, 0xff, 0x0c, 0x15, 0x27, 0xff, 0x0c, 0x14, 0x26, 0xff, 0x0b, 0x13, 0x25, 0xff, 0x0b, 0x12, 0x24, 0xff, 0x0b, 0x11, 0x23, 0xff,
    0x0b, 0x10, 0x22, 0xff, 0x0b, 0x10, 0x21, 0xff, 0x0b, 0x0f, 0x21, 0xff, 0x0a, 0x0f, 0x20, 0xff, 0x0a, 0x0f, 0x20, 0xff, 0x0a, 0x0e, 0x1f, 0xff,
    0x0a, 0x0e, 0x1f, 0xff, 0x0a, 0x0e, 0x1f, 0xff, 0x0a, 0x0e, 0x1f, 0xff, 0x0a, 0x0e, 0x1f, 0xff, 0x0a, 0x0e, 0x1e, 0xff, 0x0a, 0x0e, 0x1e, 0xff,
    0x0a, 0x0d, 0x1e, 0xb6, 0x0a, 0x0d, 0x1e, 0x00, 0x0a, 0x0d, 0x1d, 0x00, 0x0a, 0x0d, 0x1d, 0x45, 0x0a, 0x0d, 0x1d, 0xff, 0x0a, 0x0d, 0x1d, 0xff,
    0x0a, 0x0d, 0x1d, 0xff, 0x0a, 0x0d, 0x1e, 0xff, 0x0a, 0x0d, 0x1e, 0xff, 0x0a, 0x0d, 0x1e, 0xff, 0x0a, 0x0e, 0x1e, 0xff, 0x0a, 0x0e, 0x1e, 0xff,
    0x0a, 0x0e, 0x1f, 0xff, 0x0a, 0x0e, 0x1f, 0xff, 0x0a, 0x0f, 0x20, 0xff, 0x0a, 0x0f, 0x20, 0xff, 0x0a, 0x10, 0x21, 0xff, 0x0b, 0x10, 0x21, 0xff,
    0x0b, 0x11, 0x22, 0xff, 0x0b, 0x12, 0x23, 0xff, 0x0b, 0x12, 0x24, 0xff, 0x0b, 0x13, 0x25, 0xff, 0x0c, 0x14, 0x26, 0xff, 0x0c, 0x15, 0x28, 0xff,
    0x0c, 0x16, 0x29, 0xff, 0x0d, 0x17, 0x2a, 0xff, 0x0d, 0x19, 0x2c, 0xff, 0x0d, 0x1a, 0x2d, 0xff, 0x0d, 0x1b, 0x2e, 0xff, 0x0e, 0x1b, 0x2f, 0xff,
    0x0e, 0x1c, 0x30, 0xff, 0x0e, 0x1d, 0x31, 0xff, 0x0e, 0x1d, 0x31, 0xff, 0x0e, 0x1d, 0x32, 0xff, 0x0e, 0x1d, 0x32, 0xff, 0x0e, 0x1d, 0x31, 0xff,
    0x0e, 0x1d, 0x31, 0xff, 0x0e, 0x1c, 0x30, 0xff, 0x0e, 0x1b, 0x2f, 0xff, 0x0d, 0x1b, 0x2e, 0xff, 0x0d, 0x1a, 0x2d, 0xff, 0x0d, 0x19, 0x2c, 0xff,
    0x0d, 0x17, 0x2a, 0xff, 0x0c, 0x16, 0x29, 0xff, 0x0c, 0x15, 0x28, 0xff, 0x0c, 0x14, 0x26, 0xff, 0x0b, 0x13, 0x25, 0xff, 0x0b, 0x12, 0x24, 0xff,
    0x0b, 0x12, 0x23, 0xff, 0x0b, 0x11, 0x22, 0xff, 0x0b, 0x10, 0x21, 0xff, 0x0a, 0x10, 0x21, 0xff, 0x0a, 0x0f, 0x20, 0xff, 0x0a, 0x0f, 0x20, 0xff,
    0x0a, 0x0e, 0x1f, 0xff, 0x0a, 0x0e, 0x1f, 0xff, 0x0a, 0x0e, 0x1e, 0xff, 0x0a, 0x0e, 0x1e, 0xff, 0x0a, 0x0d, 0x1e, 0xff, 0x0a, 0x0d, 0x1e, 0xff,
    0x0a, 0x0d, 0x1e, 0xff, 0x0a, 0x0d, 0x1d, 0xff, 0x0a, 0x0d, 0x1d, 0xff, 0x0a, 0x0d, 0x1d, 0xff, 0x0a, 0x0d, 0x1d, 0x45, 0x0a, 0x0d, 0x1d, 0x00,
    0x09, 0x0c, 0x1c, 0x00, 0x09, 0x0c, 0x1c, 0x00, 0x09, 0x0c, 0x1c, 0x9d, 0x09, 0x0c, 0x1c, 0xff, 0x09, 0x0d, 0x1c, 0xff, 0x09, 0x0d, 0x1d, 0xff,
    0x09, 0x0d, 0x1d, 0xff, 0x09, 0x0d, 0x1d, 0xff, 0x0a, 0x0d, 0x1d, 0xff, 0x0a, 0x0d, 0x1d, 0xff, 0x0a, 0x0d, 0x1d, 0xff, 0x0a, 0x0e, 0x1e, 0xff,
    0x0a, 0x0e, 0x1e, 0xff, 0x0a, 0x0e, 0x1e, 0xff, 0x0a, 0x0e, 0x1f, 0xff, 0x0a, 0x0f, 0x1f, 0xff, 0x0a, 0x0f, 0x20, 0xff, 0x0a, 0x10, 0x21, 0xff,
    0x0a, 0x11, 0x21, 0xff, 0x0b, 0x11, 0x22, 0xff, 0x0b, 0x12, 0x23, 0xff, 0x0b, 0x13, 0x24, 0xff, 0x0b, 0x13, 0x25, 0xff, 0x0b, 0x14, 0x26, 0xff,
    0x0c, 0x15, 0x27, 0xff, 0x0c, 0x16, 0x28, 0xff, 0x0c, 0x16, 0x29, 0xff, 0x0c, 0x17, 0x2a, 0xff, 0x0c, 0x18, 0x2a, 0xff, 0x0c, 0x18, 0x2b, 0xff,
    0x0d, 0x18, 0x2b, 0xff, 0x0d, 0x18, 0x2b, 0xff, 0x0d, 0x18, 0x2b, 0xff, 0x0d, 0x18, 0x2b, 0xff, 0x0c, 0x18, 0x2b, 0xff, 0x0c, 0x18, 0x2a, 0xff,
    0x0c, 0x17, 0x2a, 0xff, 0x0c, 0x16, 0x29, 0xff, 0x0c, 0x16, 0x28, 0xff, 0x0c, 0x15, 0x27, 0xff, 0x0b, 0x14, 0x26, 0xff, 0x0b, 0x13, 0x25, 0xff,
    0x0b, 0x13, 0x24, 0xff, 0x0b, 0x12, 0x23, 0xff, 0x0b, 0x11, 0x22, 0xff, 0x0a, 0x11, 0x21, 0xff, 0x0a, 0x10, 0x21, 0xff, 0x0a, 0x0f, 0x20, 0xff,
    0x0a, 0x0f, 0x1f, 0xff, 0x0a, 0x0e, 0x1f, 0xff, 0x0a, 0x0e, 0x1e, 0xff, 0x0a, 0x0e, 0x1e, 0xff, 0x0a, 0x0e, 0x1e, 0xff, 0x0a, 0x0d, 0x1d, 0xff,
    0x0a, 0x0d, 0x1d, 0xff, 0x0a, 0x0d, 0x1d, 0xff, 0x09, 0x0d, 0x1d, 0xff, 0x09, 0x0d, 0x1d, 0xff, 0x09, 0x0d, 0x1d, 0xff, 0x09, 0x0d, 0x1c, 0xff,
    0x09, 0x0c, 0x1c, 0xff, 0x09, 0x0c, 0x1c, 0x9d, 0x09, 0x0c, 0x1c, 0x00, 0x09, 0x0c, 0x1c, 0x00, 0x09, 0x0c, 0x1b, 0x00, 0x09, 0x0c, 0x1b, 0x00,
    0x09, 0x0c, 0x1b, 0x0a, 0x09, 0x0c, 0x1b, 0xd3, 0x09, 0x0c, 0x1b, 0xff, 0x09, 0x0c, 0x1c, 0xff, 0x09, 0x0c, 0x1c, 0xff, 0x09, 0x0c, 0x1c, 0xff,
    0x09, 0x0c, 0x1c, 0xff, 0x09, 0x0c, 0x1c, 0xff, 0x09, 0x0d, 0x1c, 0xff, 0x09, 0x0d, 0x1c, 0xff, 0x09, 0x0d, 0x1d, 0xff, 0x09, 0x0d, 0x1d, 0xff,
    0x09, 0x0d, 0x1d, 0xff, 0x0a, 0x0e, 0x1e, 0xff, 0x0a, 0x0e, 0x1e, 0xff, 0x0a, 0x0f, 0x1f, 0xff, 0x0a, 0x0f, 0x1f, 0xff, 0x0a, 0x0f, 0x20, 0xff,
    0x0a, 0x10, 0x20, 0xff, 0x0a, 0x11, 0x21, 0xff, 0x0a, 0x11, 0x22, 0xff, 0x0b, 0x12, 0x23, 0xff, 0x0b, 0x12, 0x23, 0xff, 0x0b, 0x13, 0x24, 0xff,
    0x0b, 0x13, 0x25, 0xff, 0x0b, 0x14, 0x25, 0xff, 0x0b, 0x14, 0x26, 0xff, 0x0b, 0x14, 0x26, 0xff, 0x0b, 0x15, 0x26, 0xff, 0x0b, 0x15, 0x26, 0xff,
    0x0b, 0x15, 0x26, 0xff, 0x0b, 0x15, 0x26, 0xff, 0x0b, 0x14, 0x26, 0xff, 0x0b, 0x14, 0x26, 0xff, 0x0b, 0x14, 0x25, 0xff, 0x0b, 0x13, 0x25, 0xff,
    0x0b, 0x13, 0x24, 0xff, 0x0b, 0x12, 0x23, 0xff, 0x0b, 0x12, 0x23, 0xff, 0x0a, 0x11, 0x22, 0xff, 0x0a, 0x11, 0x21, 0xff, 0x0a, 0x10, 0x20, 0xff,
    0x0a, 0x0f, 0x20, 0xff, 0x0a, 0x0f, 0x1f, 0xff, 0x0a, 0x0f, 0x1f, 0xff, 0x0a, 0x0e, 0x1e, 0xff, 0x0a, 0x0e, 0x1e, 0xff, 0x09, 0x0d, 0x1d, 0xff,
    0x09, 0x0d, 0x1d, 0xff, 0x09, 0x0d, 0x1d, 0xff, 0x09, 0x0d, 0x1c, 0xff, 0x09, 0x0d, 0x1c, 0xff, 0x09, 0x0c, 0x1c, 0xff, 0x09, 0x0c, 0x1c, 0xff,
    0x09, 0x0c, 0x1c, 0xff, 0x09, 0x0c, 0x1c, 0xff, 0x09, 0x0c, 0x1c, 0xff, 0x09, 0x0c, 0x1b, 0xff, 0x09, 0x0c, 0x1b, 0xd3, 0x09, 0x0c, 0x1b, 0x0a,
    0x09, 0x0c, 0x1b, 0x00, 0x09, 0x0c, 0x1b, 0x00, 0x09, 0x0b, 0x1a, 0x00, 0x09, 0x0b, 0x1a, 0x00, 0x09, 0x0b, 0x1a, 0x00, 0x09, 0x0b, 0x1a, 0x2d,
    0x09, 0x0b, 0x1a, 0xe5, 0x09, 0x0b, 0x1b, 0xff, 0x09, 0x0c, 0x1b, 0xff, 0x09, 0x0c, 0x1b, 0xff, 0x09, 0x0c, 0x1b, 0xff, 0x09, 0x0c, 0x1b, 0xff,
    0x09, 0x0c, 0x1b, 0xff, 0x09, 0x0c, 0x1b, 0xff, 0x09, 0x0c, 0x1b, 0xff, 0x09, 0x0c, 0x1c, 0xff, 0x09, 0x0d, 0x1c, 0xff, 0x09, 0x0d, 0x1c, 0xff,
    0x09, 0x0d, 0x1d, 0xff, 0x09, 0x0d, 0x1d, 0xff, 0x09, 0x0e, 0x1d, 0xff, 0x09, 0x0e, 0x1e, 0xff, 0x09, 0x0e, 0x1e, 0xff, 0x0a, 0x0f, 0x1f, 0xff,
    0x0a, 0x0f, 0x1f, 0xff, 0x0a, 0x10, 0x20, 0xff, 0x0a, 0x10, 0x20, 0xff, 0x0a, 0x10, 0x21, 0xff, 0x0a, 0x11, 0x21, 0xff, 0x0a, 0x11, 0x22, 0xff,
    0x0a, 0x11, 0x22, 0xff, 0x0a, 0x12, 0x22, 0xff, 0x0a, 0x12, 0x22, 0xff, 0x0a, 0x12, 0x22, 0xff, 0x0a, 0x12, 0x22, 0xff, 0x0a, 0x12, 0x22, 0xff,
    0x0a, 0x12, 0x22, 0xff, 0x0a, 0x11, 0x22, 0xff, 0x0a, 0x11, 0x22, 0xff, 0x0a, 0x11, 0x21, 0xff, 0x0a, 0x10, 0x21, 0xff, 0x0a, 0x10, 0x20, 0xff,
    0x0a, 0x10, 0x20, 0xff, 0x0a, 0x0f, 0x1f, 0xff, 0x0a, 0x0f, 0x1f, 0xff, 0x09, 0x0e, 0x1e, 0xff, 0x09, 0x0e, 0x1e, 0xff, 0x09, 0x0e, 0x1d, 0xff,
    0x09, 0x0d, 0x1d, 0xff, 0x09, 0x0d, 0x1d, 0xff, 0x09, 0x0d, 0x1c, 0xff, 0x09, 0x0d, 0x1c, 0xff, 0x09, 0x0c, 0x1c, 0xff, 0x09, 0x0c, 0x1b, 0xff,
    0x09, 0x0c, 0x1b, 0xff, 0x09, 0x0c, 0x1b, 0xff, 0x09, 0x0c, 0x1b, 0xff, 0x09, 0x0c, 0x1b, 0xff, 0x09, 0x0c, 0x1b, 0xff, 0x09, 0x0c, 0x1b, 0xff,
    0x09, 0x0b, 0x1b, 0xff, 0x09, 0x0b, 0x1a, 0xe5, 0x09, 0x0b, 0x1a, 0x2d, 0x09, 0x0b, 0x1a, 0x00, 0x09, 0x0b, 0x1a, 0x00, 0x09, 0x0b, 0x1a, 0x00,
    0x08, 0x0b, 0x19, 0x00, 0x08, 0x0b, 0x19, 0x00, 0x08, 0x0b, 0x19, 0x00, 0x08, 0x0b, 0x19, 0x00, 0x08, 0x0b, 0x19, 0x2d, 0x08, 0x0b, 0x1a, 0xd3,
    0x08, 0x0b, 0x1a, 0xff, 0x08, 0x0b, 0x1a, 0xff, 0x08, 0x0b, 0x1a, 0xff, 0x08, 0x0b, 0x1a, 0xff, 0x08, 0x0b, 0x1a, 0xff, 0x08, 0x0b, 0x1a, 0xff,
    0x08, 0x0b, 0x1a, 0xff, 0x08, 0x0c, 0x1a, 0xff, 0x09, 0x0c, 0x1b, 0xff, 0x09, 0x0c, 0x1b, 0xff, 0x09, 0x0c, 0x1b, 0xff, 0x09, 0x0c, 0x1b, 0xff,
    0x09, 0x0d, 0x1c, 0xff, 0x09, 0x0d, 0x1c, 0xff, 0x09, 0x0d, 0x1c, 0xff, 0x09, 0x0d, 0x1d, 0xff, 0x09, 0x0e, 0x1d, 0xff, 0x09, 0x0e, 0x1d, 0xff,
    0x09, 0x0e, 0x1e, 0xff, 0x09, 0x0f, 0x1e, 0xff, 0x09, 0x0f, 0x1e, 0xff, 0x09, 0x0f, 0x1f, 0xff, 0x09, 0x0f, 0x1f, 0xff, 0x0a, 0x0f, 0x1f, 0xff,
    0x0a, 0x10, 0x1f, 0xff, 0x0a, 0x10, 0x1f, 0xff, 0x0a, 0x10, 0x1f, 0xff, 0x0a, 0x10, 0x1f, 0xff, 0x0a, 0x0f, 0x1f, 0xff, 0x09, 0x0f, 0x1f, 0xff,
    0x09, 0x0f, 0x1f, 0xff, 0x09, 0x0f, 0x1e, 0xff, 0x09, 0x0f, 0x1e, 0xff, 0x09, 0x0e, 0x1e, 0xff, 0x09, 0x0e, 0x1d, 0xff, 0x09, 0x0e, 0x1d, 0xff,
    0x09, 0x0d, 0x1d, 0xff, 0x09, 0x0d, 0x1c, 0xff, 0x09, 0x0d, 0x1c, 0xff, 0x09, 0x0d, 0x1c, 0xff, 0x09, 0x0c, 0x1b, 0xff, 0x09, 0x0c, 0x1b, 0xff,
    0x09, 0x0c, 0x1b, 0xff, 0x09, 0x0c, 0x1b, 0xff, 0x08, 0x0c, 0x1a, 0xff, 0x08, 0x0b, 0x1a, 0xff, 0x08, 0x0b, 0x1a, 0xff, 0x08, 0x0b, 0x1a, 0xff,
    0x08, 0x0b, 0x1a, 0xff, 0x08, 0x0b, 0x1a, 0xff, 0x08, 0x0b, 0x1a, 0xff, 0x08, 0x0b, 0x1a, 0xff, 0x08, 0x0b, 0x1a, 0xd3, 0x08, 0x0b, 0x19, 0x2d,
    0x08, 0x0b, 0x19, 0x00, 0x08, 0x0b, 0x19, 0x00, 0x08, 0x0b, 0x19, 0x00, 0x08, 0x0b, 0x19, 0x00, 0x08, 0x0a, 0x18, 0x00, 0x08, 0x0a, 0x18, 0x00,
    0x08, 0x0a, 0x18, 0x00, 0x08, 0x0a, 0x18, 0x00, 0x08, 0x0a, 0x18, 0x00, 0x08, 0x0a, 0x19, 0x0a, 0x08, 0x0a, 0x19, 0x9d, 0x08, 0x0a, 0x19, 0xff,
    0x08, 0x0b, 0x19, 0xff, 0x08, 0x0b, 0x19, 0xff, 0x08, 0x0b, 0x19, 0xff, 0x08, 0x0b, 0x19, 0xff, 0x08, 0x0b, 0x19, 0xff, 0x08, 0x0b, 0x19, 0xff,
    0x08, 0x0b, 0x19, 0xff, 0x08, 0x0b, 0x1a, 0xff, 0x08, 0x0b, 0x1a, 0xff, 0x08, 0x0b, 0x1a, 0xff, 0x08, 0x0c, 0x1a, 0xff, 0x08, 0x0c, 0x1a, 0xff,
    0x08, 0x0c, 0x1b, 0xff, 0x08, 0x0c, 0x1b, 0xff, 0x08, 0x0c, 0x1b, 0xff, 0x09, 0x0d, 0x1b, 0xff, 0x09, 0x0d, 0x1c, 0xff, 0x09, 0x0d, 0x1c, 0xff,
    0x09, 0x0d, 0x1c, 0xff, 0x09, 0x0d, 0x1c, 0xff, 0x09, 0x0e, 0x1d, 0xff, 0x09, 0x0e, 0x1d, 0xff, 0x09, 0x0e, 0x1d, 0xff, 0x09, 0x0e, 0x1d, 0xff,
    0x09, 0x0e, 0x1d, 0xff, 0x09, 0x0e, 0x1d, 0xff, 0x09, 0x0e, 0x1d, 0xff, 0x09, 0x0e, 0x1d, 0xff, 0x09, 0x0d, 0x1c, 0xff, 0x09, 0x0d, 0x1c, 0xff,
    0x09, 0x0d, 0x1c, 0xff, 0x09, 0x0d, 0x1c, 0xff, 0x09, 0x0d, 0x1b, 0xff, 0x08, 0x0c, 0x1b, 0xff, 0x08, 0x0c, 0x1b, 0xff, 0x08, 0x0c, 0x1b, 0xff,
    0x08, 0x0c, 0x1a, 0xff, 0x08, 0x0c, 0x1a, 0xff, 0x08, 0x0b, 0x1a, 0xff, 0x08, 0x0b, 0x1a, 0xff, 0x08, 0x0b, 0x1a, 0xff, 0x08, 0x0b, 0x19, 0xff,
    0x08, 0x0b, 0x19, 0xff, 0x08, 0x0b, 0x19, 0xff, 0x08, 0x0b, 0x19, 0xff, 0x08, 0x0b, 0x19, 0xff, 0x08, 0x0b, 0x19, 0xff, 0x08, 0x0b, 0x19, 0xff,
    0x08, 0x0a, 0x19, 0xff, 0x08, 0x0a, 0x19, 0x9d, 0x08, 0x0a, 0x19, 0x0a, 0x08, 0x0a, 0x18, 0x00, 0x08, 0x0a, 0x18, 0x00, 0x08, 0x0a, 0x18, 0x00,
    0x08, 0x0a, 0x18, 0x00, 0x08, 0x0a, 0x18, 0x00, 0x08, 0x0a, 0x17, 0x00, 0x08, 0x0a, 0x17, 0x00, 0x08, 0x0a, 0x17, 0x00, 0x08, 0x0a, 0x18, 0x00,
    0x08, 0x0a, 0x18, 0x00, 0x08, 0x0a, 0x18, 0x00, 0x08, 0x0a, 0x18, 0x00, 0x08, 0x0a, 0x18, 0x45, 0x08, 0x0a, 0x18, 0xb6, 0x08, 0x0a, 0x18, 0xff,
    0x08, 0x0a, 0x18, 0xff, 0x08, 0x0a, 0x18, 0xff, 0x08, 0x0a, 0x18, 0xff, 0x08, 0x0a, 0x18, 0xff, 0x08, 0x0a, 0x18, 0xff, 0x08, 0x0a, 0x18, 0xff,
    0x08, 0x0b, 0x18, 0xff, 0x08, 0x0b, 0x19, 0xff, 0x08, 0x0b, 0x19, 0xff, 0x08, 0x0b, 0x19, 0xff, 0x08, 0x0b, 0x19, 0xff, 0x08, 0x0b, 0x19, 0xff,
    0x08, 0x0b, 0x19, 0xff, 0x08, 0x0c, 0x1a, 0xff, 0x08, 0x0c, 0x1a, 0xff, 0x08, 0x0c, 0x1a, 0xff, 0x08, 0x0c, 0x1a, 0xff, 0x08, 0x0c, 0x1a, 0xff,
    0x08, 0x0c, 0x1a, 0xff, 0x08, 0x0c, 0x1b, 0xff, 0x08, 0x0c, 0x1b, 0xff, 0x08, 0x0c, 0x1b, 0xff, 0x08, 0x0c, 0x1b, 0xff, 0x08, 0x0c, 0x1b, 0xff,
    0x08, 0x0c, 0x1b, 0xff, 0x08, 0x0c, 0x1a, 0xff, 0x08, 0x0c, 0x1a, 0xff, 0x08, 0x0c, 0x1a, 0xff, 0x08, 0x0c, 0x1a, 0xff, 0x08, 0x0c, 0x1a, 0xff,
    0x08, 0x0c, 0x1a, 0xff, 0x08, 0x0b, 0x19, 0xff, 0x08, 0x0b, 0x19, 0xff, 0x08, 0x0b, 0x19, 0xff, 0x08, 0x0b, 0x19, 0xff, 0x08, 0x0b, 0x19, 0xff,
    0x08, 0x0b, 0x19, 0xff, 0x08, 0x0b, 0x18, 0xff, 0x08, 0x0a, 0x18, 0xff, 0x08, 0x0a, 0x18, 0xff, 0x08, 0x0a, 0x18, 0xff, 0x08, 0x0a, 0x18, 0xff,
    0x08, 0x0a, 0x18, 0xff, 0x08, 0x0a, 0x18, 0xff, 0x08, 0x0a, 0x18, 0xff, 0x08, 0x0a, 0x18, 0xb6, 0x08, 0x0a, 0x18, 0x45, 0x08, 0x0a, 0x18, 0x00,
    0x08, 0x0a, 0x18, 0x00, 0x08, 0x0a, 0x18, 0x00, 0x08, 0x0a, 0x18, 0x00, 0x08, 0x0a, 0x17, 0x00, 0x08, 0x0a, 0x17, 0x00, 0x08, 0x0a, 0x17, 0x00,
    0x07, 0x09, 0x17, 0x00, 0x07, 0x09, 0x17, 0x00, 0x07, 0x09, 0x17, 0x00, 0x07, 0x09, 0x17, 0x00, 0x07, 0x09, 0x17, 0x00, 0x07, 0x09, 0x17, 0x00,
    0x07, 0x09, 0x17, 0x00, 0x07, 0x09, 0x17, 0x00, 0x07, 0x09, 0x17, 0x00, 0x07, 0x09, 0x17, 0x29, 0x07, 0x09, 0x17, 0x76, 0x07, 0x0a, 0x17, 0xb3,
    0x07, 0x0a, 0x17, 0xde, 0x07, 0x0a, 0x17, 0xf8, 0x07, 0x0a, 0x17, 0xff, 0x07, 0x0a, 0x17, 0xff, 0x07, 0x0a, 0x17, 0xff, 0x07, 0x0a, 0x17, 0xff,
    0x07, 0x0a, 0x17, 0xff, 0x07, 0x0a, 0x18, 0xff, 0x07, 0x0a, 0x18, 0xff, 0x07, 0x0a, 0x18, 0xff, 0x08, 0x0a, 0x18, 0xff, 0x08, 0x0b, 0x18, 0xff,
    0x08, 0x0b, 0x18, 0xff, 0x08, 0x0b, 0x18, 0xff, 0x08, 0x0b, 0x19, 0xff, 0x08, 0x0b, 0x19, 0xff, 0x08, 0x0b, 0x19, 0xff, 0x08, 0x0b, 0x19, 0xff,
    0x08, 0x0b, 0x19, 0xff, 0x08, 0x0b, 0x19, 0xff, 0x08, 0x0b, 0x19, 0xff, 0x08, 0x0b, 0x19, 0xff, 0x08, 0x0b, 0x19, 0xff, 0x08, 0x0b, 0x19, 0xff,
    0x08, 0x0b, 0x19, 0xff, 0x08, 0x0b, 0x19, 0xff, 0x08, 0x0b, 0x18, 0xff, 0x08, 0x0b, 0x18, 0xff, 0x08, 0x0b, 0x18, 0xff, 0x08, 0x0a, 0x18, 0xff,
    0x07, 0x0a, 0x18, 0xff, 0x07, 0x0a, 0x18, 0xff, 0x07, 0x0a, 0x18, 0xff, 0x07, 0x0a, 0x17, 0xff, 0x07, 0x0a, 0x17, 0xff, 0x07, 0x0a, 0x17, 0xff,
    0x07, 0x0a, 0x17, 0xff, 0x07, 0x0a, 0x17, 0xff, 0x07, 0x0a, 0x17, 0xf8, 0x07, 0x0a, 0x17, 0xde, 0x07, 0x0a, 0x17, 0xb3, 0x07, 0x09, 0x17, 0x76,
    0x07, 0x09, 0x17, 0x29, 0x07, 0x09, 0x17, 0x00, 0x07, 0x09, 0x17, 0x00, 0x07, 0x09, 0x17, 0x00, 0x07, 0x09, 0x17, 0x00, 0x07, 0x09, 0x17, 0x00,
    0x07, 0x09, 0x17, 0x00, 0x07, 0x09, 0x17, 0x00, 0x07, 0x09, 0x17, 0x00, 0x07, 0x09, 0x17, 0x00,
};

}
